"selection_order","session_id","candidate_order","source_url","source_type","source_timestamp_or_page","speaker","verbatim_text","context_text","atomic_restatement","authorship","subject","population","geography","outcome","horizon_literal","horizon_source","horizon_start","deadline","horizon_expired","prediction_class","inclusion_decision","exclusion_reason","prediction_type","indicator_frozen","threshold_success_frozen","threshold_contradiction_frozen","admissible_outcome_source_type","missing_conflict_rule","coder","coded_at","codebook_version","outcome_search_allowed","notes"
"1","BHPRO-2005-01","06","https://www.youtube.com/watch?v=tNzQNYZymWU","official_complete_video_and_audio_verified_caption","00:11:32-00:11:42","Joseph Ansanelli","My view is in the next 12 months that if you store personal information and you're a company that has it, you'll have an obligation to have some standards to protect it.","Immediately preceded by discussion of market dynamics, Senate Commerce and Judiciary Committee review of consumer data-security bills, and the contrast with then-existing sectoral duties in finance and healthcare.","Within 12 months, companies in the United States that store personal information will be subject to an obligation to maintain standards protecting that information.","propia","corporate_data_security","companies storing personal information","United_States","existence of a broadly applicable and externally enforceable obligation to maintain personal-information protection standards","in the next 12 months","individual","2005-07-28","2006-07-28","yes","A","include","","occurrence","Existence by the deadline of a generally applicable US legal or comparably enforceable duty covering companies that store personal information and requiring security standards beyond finance and healthcare alone.","A generally applicable duty was in force by 2006-07-28; a bill merely introduced or debated is insufficient.","No contradiction category from mere non-occurrence; contradiction requires an authoritative rule expressly eliminating or precluding such duties by the deadline.","official_legislation_regulation_or_controlling_case_law","If federal and state duties differ, success requires coverage sufficiently broad to justify 'across the board'; isolated sectoral or single-state rules are insufficient. If scope cannot be resolved without redefining 'companies', classify indeterminable.","Codex","2026-08-07","preregistration_consolidated_v0.2","no","Audio excerpt independently retranscribed from the official recording; session-level candidate reconciliation completed."
"4","BHPRO-2014-03","03","https://www.youtube.com/watch?v=cwyJm6b1F0k","official_complete_video_and_audio_verified_caption","00:49:23-00:49:38","Quynh Nguyen Anh","It doesn't stop here, because next year Intel will add one new instruction set named AVX-512, which will be out in some real hardware next year.","The speaker is explaining why Capstone's use of LLVM lets it support future Intel instruction sets; he states that LLVM and therefore Capstone already support AVX-512 before hardware release.","By 7 August 2015, AVX-512 will be implemented in at least some real Intel hardware.","propia","processor_instruction_set","Intel processor hardware","global","physical Intel hardware implementing AVX-512","next year","individual","2014-08-07","2015-08-07","yes","A","include","","occurrence","Existence by the deadline of an Intel processor product or other publicly documented shipping physical Intel hardware implementing AVX-512; software emulation, LLVM support, specifications or announcements alone are insufficient.","At least one qualifying physical Intel hardware implementation was shipping or otherwise publicly documented as available by 2015-08-07.","Contradicted only if Intel officially cancelled AVX-512 hardware implementation for the stated period; absence by the deadline is non-fulfilment rather than contradiction.","official_intel_product_documentation_or_contemporaneous_primary_hardware_record","If a chip was sampled but not commercially shipped, count only if Intel or an OEM contemporaneously documents physical customer-accessible hardware; otherwise classify not fulfilled or indeterminable if availability cannot be established.","Codex","2026-08-07","preregistration_consolidated_v0.2","no","Decisive excerpt independently retranscribed from the official audio; no outcome evidence consulted."
"11","CCC-2005-002","09","https://media.ccc.de/v/22C3-920-en-we_lost_the_war","official_complete_audio_plus_contemporary_partial_transcript","00:07:57-00:08:16","Frank Rieger","If we look at the development of technology and say 'okay, there is no way to store all e-mail traffic because it's much too much data', this might be the case today. In ten years, it will be available for sure, as commercial technology.","The speaker argues that current technical failure of surveillance, data-mining and profiling systems is temporary and gives storage of all email traffic as the concrete example.","By 27 December 2015, commercial technology explicitly capable of storing all worldwide email traffic will exist.","propia","surveillance_storage","commercial data-storage products or systems","global","explicit commercial capability to store the complete worldwide email-traffic stream","in ten years","individual","2005-12-27","2015-12-27","yes","A","include","","occurrence","A contemporaneous primary source explicitly describes a commercially available product or system as capable of storing the complete worldwide email-traffic stream; inferred aggregation of component capacities is insufficient.","At least one qualifying commercial product or system was publicly documented by 2015-12-27 with an explicit all-worldwide-email-traffic storage capability.","Contradicted only by an authoritative contemporaneous technical statement that commercial systems could not provide the claimed capability by the deadline; simple absence is non-fulfilment, not contradiction.","commercial_vendor_primary_documentation_or_contemporaneous_independent_technical_record","Do not invent a retention duration or infer success by adding disk capacities. Bespoke classified government infrastructure does not satisfy commercial technology. If sources use all email ambiguously or omit worldwide scope, classify indeterminable.","Codex","2026-08-08","preregistration_consolidated_v0.2","no","Contemporary partial transcript and full official-audio ASR agree on the decisive wording; no outcome evidence consulted."
"20","CCC-2012-033","01","https://media.ccc.de/v/29c3-5095-en-privacy_and_the_car_of_the_future_h264","official_complete_audio_plus_official_event_page","00:04:24-00:05:55","Christie Dudley","Will this really happen? Will people really, or will the automakers really put these in cars? ... unless something extremely unexpected happens, we're looking at the next two to three years. ... How soon? Next couple of years. The hardware has already been manufactured ... and they're ready to ship.","The speaker distinguishes the ongoing Ann Arbor field trial from anticipated real deployment, notes participation by all major regional automaker groups, and immediately answers the timing question before discussing a possible US DOT mandate.","By 27 December 2015, at least one automaker will offer a new production passenger-vehicle model with a factory-installed DSRC radio intended for vehicle-to-vehicle safety communication.","propia","connected_vehicle_deployment","new production passenger-vehicle models offered by automakers","global","commercial availability of factory-installed DSRC vehicle-to-vehicle safety communication","the next two to three years","individual","2012-12-27","2015-12-27","yes","B","include","","occurrence","Contemporaneous OEM, regulator or standards documentation identifies a commercially offered new passenger-vehicle model with factory-installed DSRC operating for V2V safety communication; field-trial vehicles, prototypes, aftermarket radios and non-DSRC cellular systems do not qualify.","At least one qualifying production model was commercially offered by the deadline.","Contradicted only by an authoritative contemporaneous cancellation or postponement stating that no qualifying production deployment would occur by the deadline; mere absence is non-fulfilment.","official_OEM_or_transport_regulator_documentation_plus_contemporaneous_independent_automotive_record","The wording could refer to rollout, mandate or both. Freeze the narrow observable rollout claim prompted by 'automakers ... put these in cars'; do not count the already-running Ann Arbor pilot. If factory installation or DSRC/V2V purpose cannot be established, classify indeterminable.","Codex","2026-08-08","preregistration_consolidated_v0.2","no","Class B because the spoken referent is contextually clear but not restated in one uninterrupted sentence; complete official audio reviewed and no outcome evidence consulted."
"23","CCC-2018-085","01","https://media.ccc.de/v/35c3-10030-security_nightmares_0x13","official_complete_german_subtitles","00:53:51-00:54:56","Frank_Rieger_and_Ron","Mikroprozessoren werden in nahezu allen denkbaren Geräten sein; das Nichtvorhandensein wird die Ausnahme.","The speakers explicitly introduce keywords for the next year immediately before this block.","By the end of 2019, programmable processors will be present in nearly all categories of electrically powered feature-bearing consumer devices, with processor-free products becoming exceptional.","kollektiv_panel","processor_ubiquity","new electrically powered feature-bearing consumer devices","global","near-universal cross-category processor presence","Stichworten für das nächste Jahr","section_inherited","2018-12-30","2019-12-31","yes","B","include","","adoption","Representative product teardowns, engineering surveys and market catalogues covering appliances, lighting or switches, toys, vehicle accessories and consumer infrastructure.","Qualifying evidence covering at least four of five listed categories shows programmable controllers in at least 80% of sampled newly sold feature-bearing electrical products in 2019.","Representative evidence covering at least four categories shows processor presence below 50% in a majority of categories; incomplete or nonrepresentative evidence is indeterminable.","product_teardowns_engineering_surveys_and_market_catalogues","Passive electrical goods and products whose only electronics are power conversion are outside the population; do not infer market prevalence from anecdotes.","Codex","2026-08-08","preregistration_consolidated_v0.2","no","Class B because nahezu allen and Ausnahme require a frozen population and prevalence threshold."
"23","CCC-2018-085","02","https://media.ccc.de/v/35c3-10030-security_nightmares_0x13","official_complete_german_subtitles","00:55:05-00:55:14","Frank_Rieger_and_Ron","Die Daten, die diese Geräte erzeugen, werden irgendwo gespeichert.","This follows the processor-ubiquity claim within the explicit next-year block.","During 2019, persistent storage of telemetry or user data will be documented across multiple mass-market connected-device categories.","kollektiv_panel","device_data_storage","mass-market connected consumer-device categories","global","persistent storage of device-generated data across categories","Stichworten für das nächste Jahr","section_inherited","2018-12-30","2019-12-31","yes","B","include","","occurrence_and_breadth","Regulator investigations, independent network measurements, privacy disclosures and technical studies dated no later than 2019.","At least three distinct mass-market device categories are documented in 2019 transmitting telemetry or user data to local or remote persistent storage.","Systematic representative testing across at least three major device categories finds no persistent storage of generated telemetry or user data; sparse evidence is indeterminable.","regulator_network_measurement_privacy_disclosures_and_technical_studies","Categories must be materially distinct, such as appliances, cameras, speakers, wearables or vehicles; transient processing alone does not count.","Codex","2026-08-08","preregistration_consolidated_v0.2","no","Class B because broad data storage is operationalized across device categories."
"23","CCC-2018-085","03","https://media.ccc.de/v/35c3-10030-security_nightmares_0x13","official_complete_german_subtitles","00:55:10-00:55:16","Frank_Rieger_and_Ron","Und dann werden sie halt wegkommen.","Sie refers to the stored data generated by processor-equipped devices in the preceding sentence.","During 2019, collected telemetry or user data from connected devices will be exposed or leaked in multiple distinct device categories.","kollektiv_panel","connected_device_data_leaks","stored telemetry or user data from connected devices","global","documented exposure across device categories","Stichworten für das nächste Jahr","section_inherited","2018-12-30","2019-12-31","yes","B","include","","occurrence_and_breadth","Regulator breach notices, CERT or vendor advisories, primary incident analyses and authoritative technical reporting dated 2019.","At least three independently documented 2019 incidents or vulnerabilities expose collected device or user telemetry in three distinct connected-device categories.","Authoritative annual reviews plus systematic testing document no qualifying exposure in more than one category; absence without broad coverage is indeterminable.","breach_notices_CERT_vendor_primary_incident_and_technical_reporting","Count disclosed vulnerabilities only when exploitation or unauthorized data access is demonstrated; do not count availability-only failures.","Codex","2026-08-08","preregistration_consolidated_v0.2","no","Class B because plural leakage is frozen as cross-category occurrence."
"23","CCC-2018-085","04","https://media.ccc.de/v/35c3-10030-security_nightmares_0x13","official_complete_german_subtitles","00:57:42-00:58:30","Frank_Rieger_and_Ron","Bei den Systemen, mit denen der Benutzer direkt interagiert und die Updates kriegen, das wird schon besser.","The speakers contrast maintained end-user systems with neglected IoT and legacy systems inside the next-year outlook.","During 2019, security of directly user-interacted, routinely updated end-user platforms will materially improve.","kollektiv_panel","end_user_platform_security","major maintained desktop or end-user operating-system platforms","global","material security improvement during 2019","Stichworten für das nächste Jahr","section_inherited","2018-12-30","2019-12-31","yes","B","include","","direction","Vendor security documentation, exploited-vulnerability catalogues, independent vulnerability telemetry and platform-security research for 2018-2019.","At least two of Windows, macOS and ChromeOS introduce a material default hardening or isolation improvement in 2019 and no authoritative cross-platform indicator shows material deterioration; alternatively, a comparable exploited-critical-vulnerability indicator declines at least 10% from 2018.","A comparable authoritative indicator deteriorates at least 10%, or two of the three platforms remove or materially weaken default protections without offsetting hardening; mixed or incomparable evidence is indeterminable.","vendor_security_records_exploited_vulnerability_catalogues_and_independent_research","Feature counts alone are insufficient unless the change is enabled by default and mitigates a defined attack class; use like-for-like annual metrics.","Codex","2026-08-08","preregistration_consolidated_v0.2","no","Class B because besser requires a multi-platform or comparable quantitative direction test."
"23","CCC-2018-085","05","https://media.ccc.de/v/35c3-10030-security_nightmares_0x13","official_complete_german_subtitles","00:58:30-00:58:45","Frank_Rieger_and_Ron","Bei IoT wird weiter mit Brute Force und alten Sicherheitslücken angegriffen.","The claim remains in the explicit next-year block and names attack mechanisms.","During 2019, at least one in-the-wild IoT attack campaign will use brute-forced or default credentials or exploit an already known vulnerability.","kollektiv_panel","iot_old_technique_attacks","in-the-wild attacks against IoT devices","global","qualifying IoT attack campaign occurs","Stichworten für das nächste Jahr","section_inherited","2018-12-30","2019-12-31","yes","A","include","","occurrence","CERT, vendor or law-enforcement advisories and primary threat-intelligence incident analyses dated 2019.","At least one documented in-the-wild 2019 IoT campaign compromises devices through brute force, default credentials or a vulnerability publicly known before 2019.","Authoritative comprehensive 2019 IoT-threat reporting documents no such campaign; absence without comprehensive coverage is indeterminable.","CERT_vendor_law_enforcement_and_primary_threat_intelligence","Proofs of concept and scans without compromise do not qualify; a campaign may satisfy either named mechanism.","Codex","2026-08-08","preregistration_consolidated_v0.2","no","Class A because occurrence, target, mechanism and year are explicit and require no contestable magnitude threshold."
"23","CCC-2018-085","06","https://media.ccc.de/v/35c3-10030-security_nightmares_0x13","official_complete_german_subtitles","00:58:45-00:58:54","Frank_Rieger_and_Ron","Bei dem PC-Mittelfeld geht weniger.","The speakers partition the attack landscape into improved user systems, weak IoT, the PC middle field and high-end targets.","During 2019, conventional commodity attacks against personal computers will decline relative to 2018.","kollektiv_panel","commodity_pc_attack_decline","conventional commodity malware and exploit activity against personal computers","global","decline in conventional PC attack activity","Stichworten für das nächste Jahr","section_inherited","2018-12-30","2019-12-31","yes","B","include","","direction","Comparable annual endpoint-security telemetry, malware encounter reports and incident datasets for 2018-2019.","A majority of at least three independent comparable global or multi-country sources report a decline of at least 10% in conventional commodity PC malware, exploit detections or incidents in 2019 versus 2018.","A majority of at least three comparable sources report an increase of at least 10%; mixed, definition-shifted or smaller changes are indeterminable.","comparable_endpoint_telemetry_malware_reports_and_incident_datasets","Exclude mobile and IoT-only activity and targeted high-end intrusions; do not combine raw counts from incompatible products.","Codex","2026-08-08","preregistration_consolidated_v0.2","no","Class B because Mittelfeld and weniger require frozen scope and direction thresholds."
"23","CCC-2018-085","07","https://media.ccc.de/v/35c3-10030-security_nightmares_0x13","official_complete_german_subtitles","01:00:24-01:00:44","Frank_Rieger_and_Ron","Angriffe zielen immer mehr auf das menschliche Gehirn; technische Angriffe werden zum Hilfsmittel.","This is presented as the conclusion of the attack-distribution forecast inside the next-year block.","During 2019, cyberattacks will increasingly target human cognition through social engineering, with technical compromise serving as an enabling instrument.","kollektiv_panel","cognition_targeting_attacks","reported cyberattack and fraud campaigns","global","increased social-engineering prominence with technical enablement","Stichworten für das nächste Jahr","section_inherited","2018-12-30","2019-12-31","yes","B","include","","direction_and_mechanism","Comparable annual phishing, fraud and incident reports plus primary campaign analyses for 2018-2019.","A majority of at least three independent comparable sources show at least a 10% increase in phishing or social-engineering incidents or share in 2019 versus 2018, and at least one authoritative campaign analysis documents technical compromise used to enable cognitive manipulation.","A majority of at least three comparable sources show a decline of at least 10% and no qualifying technically enabled campaign is documented; mixed evidence is indeterminable.","annual_phishing_fraud_incident_reports_and_primary_campaign_analysis","Do not equate all malware with brain targeting; the campaign must use deception, persuasion or manipulation of a person as a principal mechanism.","Codex","2026-08-08","preregistration_consolidated_v0.2","no","Class B because immer mehr and Hilfsmittel require quantitative direction and mechanism tests."
"25","CCC-2007-013","01","https://fahrplan.events.ccc.de/congress/2007/Fahrplan/attachments/1037_EU_Policy_RFID_Privacy.pdf","official_complete_slide_deck","page_35","Andreas Krisch","Outlook 2008: publication of recommendation on RFID ... final recommendation before summer","The final outlook slide follows a detailed review of the European Commission RFID consultation, expert group, EDRi submissions and other institutional contributions. The unqualified bullet is presented as the speaker's outlook for Commission policy activity.","The European Commission will publish a final recommendation on RFID by 20 June 2008.","adoptada","EU_RFID_policy","European Commission policy instruments","European_Union","publication of a final European Commission recommendation specifically on RFID","before summer [under Outlook 2008]","section_inherited","2007-12-30","2008-06-20","yes","B","include","","occurrence","An official European Commission document published by the deadline is explicitly titled or formally characterized as a final recommendation on RFID; drafts, consultations, communications, opinions by other EU bodies, and later publications do not qualify.","A qualifying final Commission recommendation was officially published no later than 2008-06-20.","Contradicted only if the Commission officially cancelled the recommendation or scheduled it after the deadline before 2008-06-20; absence is non-fulfilment.","official_European_Commission_documentation","Interpret 'before summer' conservatively as before the astronomical start of Northern Hemisphere summer, fixing 2008-06-20 as the last qualifying date. If publication status is draft or the issuing institution is not the Commission, do not count success.","Codex","2026-08-08","preregistration_consolidated_v0.2","no","Class B because the slide compresses an institutional timetable and omits 'European Commission' in the bullet, though the preceding deck context is explicit; no outcome evidence consulted."
"25","CCC-2007-013","05","https://fahrplan.events.ccc.de/congress/2007/Fahrplan/attachments/1037_EU_Policy_RFID_Privacy.pdf","official_complete_slide_deck","page_35","Andreas Krisch","Outlook 2008: recommendation on 'Internet of Things' — end of 2008 / 2009","The bullet appears on the same Commission-policy outlook slide after a separate bullet announcing debate on Internet of Things topics including RFID, sensors, governance and trans-border data flows.","By 31 December 2009, the European Commission will publish a recommendation explicitly addressing the Internet of Things.","adoptada","EU_Internet_of_Things_policy","European Commission policy instruments","European_Union","publication of a European Commission recommendation explicitly addressing the Internet of Things","end of 2008 / 2009","individual_range_upper_bound","2007-12-30","2009-12-31","yes","B","include","","occurrence","An official European Commission instrument formally issued as a recommendation and explicitly centered on or materially addressing the Internet of Things is published by the deadline; consultations, communications, action plans, speeches and recommendations only about RFID do not qualify unless they explicitly frame the instrument as Internet-of-Things policy.","At least one qualifying Commission recommendation was officially published by 2009-12-31.","Contradicted only by an official cancellation or postponement beyond 2009 known before the deadline; absence is non-fulfilment.","official_European_Commission_documentation","Use the latest plausible boundary of the slide's 'end of 2008 / 2009' notation. Do not silently treat an RFID recommendation as an IoT recommendation unless the official instrument explicitly makes that scope material.","Codex","2026-08-08","preregistration_consolidated_v0.2","no","Class B due slash ambiguity in the horizon and contextual inference of the Commission as actor; no outcome evidence consulted."
"27","CCC-2012-032","01","https://media.ccc.de/v/29c3-5159-en-defend_freedoms_online_h264","official_complete_video_and_locally_verified_audio","00:19:14-00:19:37","Jérémie Zimmermann","It was recently announced that the EU and the US would together engage into negotiating some kind of trade agreement ... you can be sure that on day one of the negotiations, there will be an intellectual property chapter in it.","The speaker identifies the not-yet-formally-named transatlantic partnership by analogy with TPP and presents a three-part prediction about its initial negotiating content.","On the first official day of EU-US transatlantic trade-agreement negotiations, intellectual property will be included as a negotiating chapter or formally defined subject.","propia","transatlantic_trade_IP","official EU-US transatlantic trade-agreement negotiations","European_Union_and_United_States","inclusion of intellectual property as a formal chapter or subject at negotiation launch","on day one of the negotiations","event_bound","2012-12-27","event_bound_first_official_negotiation_day","yes","B","include","","occurrence","Contemporaneous official EU or US negotiating mandate, agenda, opening statement or initial negotiating text establishes intellectual property as a formal chapter or subject no later than the first official negotiation day.","IP is formally in scope at launch; later addition does not count.","An official opening mandate or agenda expressly excludes IP from the negotiations at launch.","official_EU_US_negotiating_documents_or_contemporaneous_primary_statements","Freeze the event as the first officially designated negotiating round/day for the transatlantic agreement announced before the talk. Preparatory lobbying or later rounds do not satisfy the horizon.","Codex","2026-08-08","preregistration_consolidated_v0.2","no","Class B because the deadline is event-bound rather than calendar-dated; decisive audio re-transcribed with small.en and no outcome evidence consulted."
"27","CCC-2012-032","02","https://media.ccc.de/v/29c3-5159-en-defend_freedoms_online_h264","official_complete_video_and_locally_verified_audio","00:19:28-00:19:40","Jérémie Zimmermann","On day one of the negotiations ... There will be some enforcement.","This immediately follows the forecast of an intellectual-property chapter and precedes the comparison with TPP and ACTA wording.","On the first official day of EU-US transatlantic trade-agreement negotiations, the IP component will include enforcement provisions.","propia","transatlantic_trade_IP_enforcement","initial IP negotiating content","European_Union_and_United_States","presence of intellectual-property enforcement provisions at negotiation launch","on day one of the negotiations","inherited_from_immediately_preceding_sentence","2012-12-27","event_bound_first_official_negotiation_day","yes","B","include","","occurrence","Official opening mandates, agendas, position papers or initial texts include enforcement of intellectual-property rights within the agreement's scope by the first official negotiation day.","At least one qualifying official launch document places IP enforcement in scope.","Official launch documents expressly exclude IP enforcement from scope.","official_EU_US_negotiating_documents_or_contemporaneous_primary_statements","General dispute-settlement or trade enforcement does not qualify; the provision must concern intellectual property. Later additions miss the deadline.","Codex","2026-08-08","preregistration_consolidated_v0.2","no","Class B because 'some enforcement' is terse and its IP referent is inherited; no outcome evidence consulted."
"27","CCC-2012-032","03","https://media.ccc.de/v/29c3-5159-en-defend_freedoms_online_h264","official_complete_video_and_locally_verified_audio","00:19:32-00:19:46","Jérémie Zimmermann","There will be exactly the same wording that are in TPP that are very similar to the wording that was in ACTA.","The claim completes the three-part description of what the transatlantic agreement would contain at the launch of negotiations.","At launch, the EU-US transatlantic trade agreement's IP-enforcement language will reproduce at least one complete operative clause verbatim from the then-current TPP IP text, with that clause materially similar to ACTA.","propia","transatlantic_trade_text_reuse","initial official transatlantic IP negotiating language","European_Union_and_United_States","verbatim reuse of an operative TPP IP-enforcement clause materially similar to ACTA","on day one of the negotiations","inherited_from_immediately_preceding_sentence","2012-12-27","event_bound_first_official_negotiation_day","yes","B","include","","textual_similarity","Compare publicly available official launch texts against the then-current official or authenticated leaked TPP IP chapter and ACTA. Require one complete operative clause with identical substantive wording apart from numbering, defined-term substitutions, punctuation or formatting.","At least one complete operative IP-enforcement clause meets the frozen verbatim rule and is materially analogous to ACTA.","Official initial text contains no qualifying clause after full comparison.","official_negotiating_texts_plus_contemporaneous_authenticated_TPP_text","If the initial transatlantic text was not public or cannot be reliably reconstructed, classify indeterminable rather than infer from later drafts. Shared generic treaty boilerplate does not qualify unless it is operative IP-enforcement language.","Codex","2026-08-08","preregistration_consolidated_v0.2","no","Class B because the original grammar and exact-same-wording standard require a frozen textual rule; no outcome evidence consulted."
"27","CCC-2012-032","04","https://media.ccc.de/v/29c3-5159-en-defend_freedoms_online_h264","official_complete_video_and_locally_verified_audio","00:37:11-00:37:28","Jérémie Zimmermann","We'll talk about this again in six months, in one year, in three years, in five years. Honestly, I don't expect anything to change, at least before the end of this legislature, which is 2014, middle of 2014, the new European Parliament elections and the appointment of the new Commission.","'This' refers to defeating ACTA and then reforming copyright; the speaker describes copyright reform as a long-term strategy constrained by the current EU legislature.","No substantive EU-level copyright reform will be finally adopted before 1 July 2014.","propia","EU_copyright_reform","EU directives, regulations or formally adopted amendments materially reforming copyright","European_Union","absence of final adoption of substantive EU copyright reform before the stated political turnover","before the end of this legislature ... middle of 2014","individual","2012-12-27","2014-06-30","yes","B","include","","non_occurrence","Review EU legislation finally adopted from the talk date through 2014-06-30. A qualifying reform must materially alter copyright scope, rights, exceptions, enforcement or intermediary obligations; consultations, reports, proposals, court judgments and national laws do not count.","No qualifying EU legislative reform is finally adopted by the deadline.","At least one qualifying EU legislative reform is finally adopted by the deadline.","official_EU_legislation_and_legislative_history","The phrase 'anything to change' is broad; freeze it narrowly to the immediately antecedent goal of reforming copyright at EU legislative level. Administrative implementation of pre-existing law is not reform.","Codex","2026-08-08","preregistration_consolidated_v0.2","no","Class B due contextual narrowing of 'anything'; decisive audio re-transcribed with small.en and no outcome evidence consulted."
"27","CCC-2012-032","08","https://media.ccc.de/v/29c3-5159-en-defend_freedoms_online_h264","official_complete_video_and_locally_verified_audio","00:59:03-00:59:15","Jérémie Zimmermann","There are the people from the Fundação Getulio Vargas in Brazil who are doing an incredible job and who in the next month will have a proposal for reform of copyright go through their parliament.","The statement answers a question about globalizing reform and identifies a Brazilian partner organization and parliamentary route.","By 27 January 2013, a copyright-reform proposal associated with Fundação Getulio Vargas's agenda will be formally introduced into or begin formal consideration by Brazil's national parliament.","propia","Brazil_copyright_reform","copyright-reform proposals in Brazil's National Congress","Brazil","formal parliamentary introduction or consideration of a copyright-reform proposal linked to the described civil-society agenda","in the next month","individual","2012-12-27","2013-01-27","yes","B","include","","occurrence","Official Brazilian congressional records identify formal introduction, filing, referral, hearing or other documented parliamentary consideration by the deadline of a copyright-reform proposal materially matching the agenda attributed to Fundação Getulio Vargas.","At least one qualifying formal parliamentary action occurs by 2013-01-27.","An authoritative contemporaneous statement cancels or postpones the proposal beyond the deadline; absence is non-fulfilment.","official_Brazilian_Congress_records_plus_contemporaneous_FGV_primary_material","A public campaign document or citizen draft alone is insufficient. If the organizational link or formal parliamentary action cannot be established, classify indeterminable.","Codex","2026-08-08","preregistration_consolidated_v0.2","no","Class B because 'will have a proposal ... go through' is idiomatic and the exact procedural stage is not specified; decisive audio re-transcribed with small.en and no outcome evidence consulted."
"30","CCC-2018-076","02","https://media.ccc.de/v/35c3-9917-election_cybersecurity_progress_report","official_complete_video_official_subtitles_and_locally_verified_audio","00:21:22-00:22:32","J. Alex Halderman","They're waiting for the bigger prize in 2020 ... the real lesson of 2016 is that the threats are real and that the attackers will be back.","The referent is the nation-state adversaries that had penetrated US election infrastructure; the intervening sentences identify the 2020 presidential election as the bigger prize.","By the 2020 US presidential election, a foreign state-linked actor will again conduct an attempted or successful cyber operation against US election infrastructure or the election process.","propia","US_election_cyberattack","foreign state-linked cyber operations targeting the US presidential election process","United_States","documented attempted or successful foreign state-linked cyber operation targeting election infrastructure, campaigns, officials or core election processes","in 2020 ... attackers will be back","context_inherited","2018-12-27","2020-11-03","yes","B","include","","occurrence","An official US intelligence, law-enforcement, congressional or judicial source attributes with at least moderate confidence an attempted or successful cyber operation during the window to a foreign state or state-linked actor and identifies the 2020 election process, infrastructure, a presidential campaign or election officials as a target.","At least one qualifying attributed operation occurred by election day 2020.","A coordinated official post-election assessment affirmatively concludes that no foreign state-linked cyber operation targeted any frozen component during the window.","official_US_intelligence_law_enforcement_congressional_or_judicial_sources","Influence messaging alone qualifies only if the operation used compromised systems, stolen data, covert cyber personas or platform manipulation explicitly characterized as a cyber operation. Mere general propaganda does not. If attribution remains officially unresolved, classify indeterminable.","Codex","2026-08-08","preregistration_consolidated_v0.2","no","Class B because the 2020 horizon and target are inherited across the passage; no outcome evidence consulted."
"30","CCC-2018-076","03","https://media.ccc.de/v/35c3-9917-election_cybersecurity_progress_report","official_complete_video_official_subtitles_and_locally_verified_audio","00:21:22-00:21:39","J. Alex Halderman","They're waiting for the bigger prize in 2020 when we're likely to once again have a close and divisive presidential contest.","This supplies the political context for why adversaries would treat 2020 as a larger target.","The 2020 US presidential election will be both close and divisive.","propia","US_presidential_election_context","2020 US presidential general election","United_States","joint occurrence of a close national result and high affective division between the two major-party camps","in 2020","individual","2018-12-27","2020-11-03","yes","B","include","","compound_state","Close is frozen as either a national popular-vote margin of at most 5 percentage points or a tipping-point-state margin of at most 3 percentage points. Divisive is frozen as both major-party nominees having majority unfavorable ratings in at least one same-wave reputable national survey during the final 60 days, or an authoritative post-election survey finding majority belief among supporters of either losing side that the winner was illegitimate.","At least one close criterion and at least one divisive criterion are met.","Neither close criterion or neither divisive criterion is met in all admissible evidence.","official_election_results_plus_reputable_national_probability_sample_surveys","Both adjectives must pass. Use certified election results; for surveys prefer Pew, Gallup, ANES, AP-NORC or major academic probability panels. If qualifying surveys conflict, apply the preregistered missing/conflict hierarchy and otherwise mark indeterminable.","Codex","2026-08-08","preregistration_consolidated_v0.2","no","Class B because close and divisive require post hoc operationalization despite an explicit year; no outcome evidence consulted."
"30","CCC-2018-076","08","https://media.ccc.de/v/35c3-9917-election_cybersecurity_progress_report","official_complete_video_official_subtitles_and_locally_verified_audio","00:48:22-00:48:32","J. Alex Halderman","I think in the next Congress there's a good possibility that we will see effective legislation to provide national standards and leadership for elections.","The prior passage describes the bipartisan Secure Elections Act and the need for federal paper, audit and information-sharing requirements.","During the 116th US Congress, federal election-security legislation will be enacted that establishes binding national standards or a durable federal leadership mechanism for election cybersecurity.","propia","US_election_security_legislation","federal election-security legislation in the 116th Congress","United_States","enactment of a federal statute creating binding national election-security standards or an institutional federal leadership mechanism","in the next Congress","individual","2018-12-27","2021-01-03","yes","B","include","","occurrence","Congress.gov and the Statutes at Large show enactment during the 116th Congress of a law whose operative provisions impose national election-security requirements or create or assign a durable federal coordination, oversight or leadership function specifically for election cybersecurity.","A qualifying bill becomes law no later than 2021-01-03; introduction, committee approval, chamber passage, appropriations alone or nonbinding guidance is insufficient.","An enacted law expressly prohibits federal election-security standards or dismantles the relevant federal leadership function without replacement; simple non-enactment is non-fulfilment.","official_Congress_gov_and_Statutes_at_Large","Effective is frozen to enacted and operative legislation, not political progress. General cybersecurity law qualifies only if election security is an explicit substantive component.","Codex","2026-08-08","preregistration_consolidated_v0.2","no","Class B due probabilistic phrasing and interpretation of effective legislation; no outcome evidence consulted."
"31","VB-2016-P01","01","https://www.youtube.com/watch?v=HtXCxA76Zbo","official_complete_video_and_verified_captions","00:07:33-00:08:00","Adrian Sanabria","I fully expect two or three years from now to only have two categories, to go from five down to two.","The five categories are those in Sanabria's December 2015 451 Research endpoint-security market report; the passage describes ongoing consolidation.","By 7 October 2019, the endpoint-security market taxonomy used by 451 Research or its direct successor will contain no more than two principal product categories corresponding to the five used in the 2015 report.","propia","endpoint_market_taxonomy","principal endpoint-security product categories in the referenced analyst taxonomy","global","reduction from five to at most two principal categories","two or three years from now","individual_range_upper_bound","2016-10-07","2019-10-07","yes","B","include","","count","Locate the referenced 2015 report and the latest same-author or same-firm endpoint-security taxonomy available by the deadline; count mutually exclusive top-level product categories comparable to the original five.","The comparable taxonomy has at most two top-level categories by the deadline.","It retains at least four comparable top-level categories; exactly three is scored non-fulfilment rather than contradiction.","contemporaneous_451_Research_reports_and_author_primary_material","Marketing labels and subcategories do not count as top-level categories. If the original five or successor taxonomy cannot be recovered, classify indeterminable.","Codex","2026-08-08","preregistration_consolidated_v0.2","no","Class B because category comparability depends on recovering proprietary or archived analyst material; no outcome evidence consulted."
"31","VB-2016-P01","02","https://www.youtube.com/watch?v=HtXCxA76Zbo","official_complete_video_and_verified_captions","00:16:01-00:16:12","Adrian Sanabria","That's 26 acquisitions so far. We're gonna see several more this year before the year's even out.","The speaker is counting acquisitions among endpoint-security vendors in his tracked market population.","At least three additional acquisitions of endpoint-security vendors will be announced between the talk and 31 December 2016.","propia","endpoint_vendor_acquisitions","endpoint-security vendors in or comparable to Sanabria's tracked population","global","announcement of at least three qualifying acquisitions","this year before the year's even out","individual","2016-10-07","2016-12-31","yes","B","include","","count","Contemporaneous acquirer or target announcements, securities filings, or reputable transaction databases document acquisitions whose target materially sold endpoint prevention, detection or response products before announcement.","At least three distinct qualifying target acquisitions are announced after the talk and by 2016-12-31.","No qualifying acquisitions are announced in the window; one or two are non-fulfilment.","company_primary_announcements_regulatory_filings_and_reputable_transaction_databases","Several is frozen conservatively as at least three. Count announcement, not closing; exclude acqui-hires without an endpoint product and transactions announced before the talk.","Codex","2026-08-08","preregistration_consolidated_v0.2","no","Class B because market membership requires classification; no outcome evidence consulted."
"31","VB-2016-P01","06","https://www.youtube.com/watch?v=HtXCxA76Zbo","official_complete_video_caption_and_visual_slide","00:26:41-00:28:03","Adrian Sanabria","Adrian's Endpoint Security Roadmap: 1. Better malware mousetrap ... I promised five years out.","The official description says six progressive stages would be worked through as the market matured over the next five years or so; the speaker says all had begun and presents their order as the sensible enterprise path.","By 7 October 2021, independently tested endpoint products from newer vendors will demonstrate materially better malware prevention than their own 2016-era results or a signature-only baseline.","adoptada","endpoint_better_malware_prevention","commercial endpoint-security products from vendors outside the pre-2010 incumbent AV group","global","independently demonstrated material improvement in malware prevention","five years out","section_inherited","2016-10-07","2021-10-07","yes","B","include","","capability_maturation","At least two qualifying products achieve either a 10-percentage-point gain over their earliest comparable 2016-or-earlier independent test or at least 95 percent prevention in a recognized real-world test while using behavioral or machine-learning protection materially beyond signatures.","At least two products meet the frozen improvement rule by the deadline.","No qualifying product reaches either threshold in all available comparable independent tests.","independent_AMTSO_aligned_or_equivalent_endpoint_tests","Vendor claims alone are insufficient. If test methods are not comparable across time, use the absolute 95 percent branch; otherwise mark indeterminable.","Codex","2026-08-08","preregistration_consolidated_v0.2","no","Roadmap stage 1; Class B because better requires a frozen magnitude and the horizon is section-inherited."
"31","VB-2016-P01","07","https://www.youtube.com/watch?v=HtXCxA76Zbo","official_complete_video_caption_and_visual_slide","00:26:41-00:28:27","Adrian Sanabria","Adrian's Endpoint Security Roadmap: 2. AV Certification (newer vendors) ... I promised five years out.","Sanabria explains that certification is required for many buyers and means third-party due diligence.","By 7 October 2021, at least two newer endpoint-security vendors will have obtained recognized independent anti-malware certification.","adoptada","new_vendor_AV_certification","endpoint-security vendors founded or entering endpoint protection after 2010","global","recognized independent anti-malware certification of newer vendors","five years out","section_inherited","2016-10-07","2021-10-07","yes","B","include","","count","Public certification records from Virus Bulletin, AV-TEST, AV-Comparatives, SE Labs or another established independent laboratory identify at least two qualifying vendors/products as certified or approved by the deadline.","At least two distinct newer vendors hold a qualifying certification by the deadline.","No newer vendor holds a qualifying certification by the deadline.","independent_testing_laboratory_certification_archives","Participation without the laboratory's passing designation does not qualify. Corporate age is judged by entry into endpoint prevention, not parent-company founding date.","Codex","2026-08-08","preregistration_consolidated_v0.2","no","Roadmap stage 2; Class B due newer-vendor classification and inherited horizon."
"31","VB-2016-P01","08","https://www.youtube.com/watch?v=HtXCxA76Zbo","official_complete_video_caption_and_visual_slide","00:26:41-00:29:43","Adrian Sanabria","Adrian's Endpoint Security Roadmap: 3. Non-malware attacks ... I promised five years out.","The speaker illustrates the category with business-email compromise containing no link, attachment or exploit and argues that defenders must address the full workflow.","By 7 October 2021, mainstream endpoint-security platforms will explicitly detect or disrupt multiple non-malware attack classes.","adoptada","endpoint_nonmalware_coverage","mainstream commercial endpoint-security platforms","global","documented product coverage of non-malware attack techniques","five years out","section_inherited","2016-10-07","2021-10-07","yes","B","include","","capability_maturation","At least three independently documented products each cover at least two of: malicious scripting or LOLBins, credential abuse, memory-only execution, business-email-compromise workflow signals, or hands-on-keyboard behavior, without requiring a malware file.","At least three products meet the two-class rule by the deadline.","Fewer than two products cover even one qualifying non-malware class in admissible evidence.","vendor_technical_documentation_plus_independent_tests_or_evaluations","A purely email-gateway product is not an endpoint platform. Vendor documentation establishes claimed scope but at least one independent evaluation per product is required for success.","Codex","2026-08-08","preregistration_consolidated_v0.2","no","Roadmap stage 3; Class B due maturity threshold and inherited horizon."
"31","VB-2016-P01","09","https://www.youtube.com/watch?v=HtXCxA76Zbo","official_complete_video_caption_and_visual_slide","00:26:41-00:30:24","Adrian Sanabria","Adrian's Endpoint Security Roadmap: 4. EPP features (newer vendors) ... I promised five years out.","The later explanation says endpoint products will need more than malware or attack prevention and anticipates product consolidation.","By 7 October 2021, at least three newer endpoint vendors will integrate traditional endpoint-protection-platform functions beyond malware prevention into a unified product or console.","adoptada","new_vendor_EPP_feature_integration","endpoint vendors entering the market after 2010","global","integration of multiple traditional EPP functions","five years out","section_inherited","2016-10-07","2021-10-07","yes","B","include","","count","At least three qualifying vendors document in one product or management console malware prevention plus at least two of host firewall, device control, application control, disk encryption management, DLP, vulnerability management or endpoint configuration control.","At least three vendors meet the malware-plus-two rule by the deadline.","No qualifying newer vendor integrates malware prevention with even two listed functions.","vendor_product_archives_and_independent_market_or_test_reports","Acquired products qualify only if technically or administratively integrated by the deadline; a portfolio bundle with separate consoles does not.","Codex","2026-08-08","preregistration_consolidated_v0.2","no","Roadmap stage 4; Class B due feature taxonomy and inherited horizon."
"31","VB-2016-P01","10","https://www.youtube.com/watch?v=HtXCxA76Zbo","official_complete_video_caption_and_visual_slide","00:26:41-00:31:26","Adrian Sanabria","Adrian's Endpoint Security Roadmap: 5. Data visibility ... a product that could tell us exactly what was taken, if anything was successfully exfiltrated.","Sanabria contrasts this with products that merely report infection and explains the breach-response value of knowing whether seven million, seven thousand, seven or zero records left.","By 7 October 2021, commercial endpoint platforms will provide evidence capable of identifying whether and what data was exfiltrated from a compromised endpoint.","adoptada","endpoint_exfiltration_visibility","commercial endpoint detection and response platforms","global","record-level or object-level visibility into successful data exfiltration","five years out","section_inherited","2016-10-07","2021-10-07","yes","B","include","","capability_maturation","At least two products document and independently demonstrate attribution of an outbound transfer to specific files, records or data objects, distinguishing attempted access from successful exfiltration.","At least two products meet the record-or-object attribution rule by the deadline.","Available platforms can show only process or network activity without identifying transferred data objects.","vendor_technical_archives_plus_independent_evaluations_or_incident_case_studies","Generic DLP blocking is insufficient unless retained evidence establishes what actually left. If confidentiality prevents any independent demonstration, mark indeterminable.","Codex","2026-08-08","preregistration_consolidated_v0.2","no","Roadmap stage 5; Class B due a stringent constructed maturity threshold and inherited horizon."
"31","VB-2016-P01","11","https://www.youtube.com/watch?v=HtXCxA76Zbo","official_complete_video_caption_and_visual_slide","00:26:41-00:32:35","Adrian Sanabria","Adrian's Endpoint Security Roadmap: 6. More robust and resilient platforms ... the direction we need to move in is aiming to not need a separate product in the first place.","The explanation cites built-in host firewalls, full-disk encryption and centralized app stores, and contrasts Windows' legacy constraints with Android, iOS and macOS.","By 7 October 2021, mainstream endpoint operating systems will materially expand built-in security so that at least two major protective functions no longer normally require a separate third-party product.","adoptada","platform_security_integration","Windows, macOS, Android and iOS endpoint platforms","global","integration and default availability of major endpoint security functions","five years out","section_inherited","2016-10-07","2021-10-07","yes","B","include","","capability_maturation","At least two of the four platform families ship enabled-by-default or first-party-managed capabilities in two additional major categories relative to their October 2016 baseline: anti-malware or application reputation, exploit isolation, host firewall, full-disk encryption, application allowlisting/store control, credential protection or endpoint detection telemetry.","At least two platform families each add or materially default-enable two listed categories by the deadline.","None adds or materially default-enables even one listed category beyond its baseline.","official_platform_release_security_documentation_plus_independent_technical_analysis","A renamed pre-existing feature is not an addition. Material default enablement qualifies even if the underlying component existed in 2016; enterprise-only optional add-ons do not.","Codex","2026-08-08","preregistration_consolidated_v0.2","no","Roadmap stage 6; Class B due interpretation of robust/resilient and inherited horizon."
"34","CCC-2013-034","08","https://media.ccc.de/v/30C3_-_5413_-_de_-_saal_1_-_201312301715_-_security_nightmares_-_frank_-_ron","official_complete_multilingual_video_and_original_German_audio_verified","01:06:16-01:06:43","Frank_and_Ron","Wir werden nächstes Jahr eine Menge Telefone sehen, die Fingerabdruckleser drin haben.","The passage argues that Android manufacturers will follow Apple's Touch ID direction and use cheaper implementations.","During 2014, at least ten smartphone models from at least five non-Apple manufacturers will be commercially announced with integrated fingerprint readers.","propia","smartphone_fingerprint_adoption","new non-Apple smartphone models","global","announcement of many fingerprint-reader-equipped phones","im nächsten Jahr","individual","2013-12-30","2014-12-31","yes","B","include","","count","Official manufacturer launch archives or contemporaneous device databases identify model, launch date and integrated fingerprint reader.","At least ten distinct models across at least five non-Apple manufacturers are announced in 2014.","No non-Apple model is announced with an integrated reader in 2014; intermediate counts are non-fulfilment.","manufacturer_launch_archives_and_reputable_contemporaneous_device_databases","Regional variants with identical hardware count once. Eine Menge is frozen as both model breadth and vendor breadth.","Codex","2026-08-08","preregistration_consolidated_v0.2","no","Class B because the German quantity is colloquial and required a frozen threshold; original German clip verified, no outcome evidence consulted."
"34","CCC-2013-034","09","https://media.ccc.de/v/30C3_-_5413_-_de_-_saal_1_-_201312301715_-_security_nightmares_-_frank_-_ron","official_complete_multilingual_video_and_original_German_audio_verified","01:06:36-01:06:49","Frank_and_Ron","Der wird natürlich genauso kaputt wie Touch ID, sogar noch viel kaputter, weil sie alle geringere Auflösung haben.","Der refers generically to the fingerprint readers expected in other manufacturers' phones during the next year.","By 31 December 2014, practical authentication bypasses will be publicly demonstrated against fingerprint readers in at least two non-Apple smartphone models introduced during 2014.","propia","smartphone_fingerprint_bypass","non-Apple fingerprint smartphones introduced in 2014","global","public practical bypass of fingerprint authentication","im nächsten Jahr","inherited_from_preceding_sentence","2013-12-30","2014-12-31","yes","B","include","","count","Contemporaneous technical demonstrations reproduce a bypass that unlocks or authenticates to the phone using an artificial, lifted or otherwise unauthorized fingerprint representation.","At least two distinct non-Apple models introduced in 2014 have reproducible public bypass demonstrations by year end.","Independent testing of all qualifying models finds no practical bypass; absence of reports alone is non-fulfilment.","contemporaneous_researcher_demonstrations_and_independent_technical_testing","Marketing criticism or low sensor resolution alone is insufficient. The claim is narrowed from equally broken to at least two concrete bypasses.","Codex","2026-08-08","preregistration_consolidated_v0.2","no","Class B due generic subject, inherited horizon and operationalization of kaputt; German verified outcome-blind."
"34","CCC-2013-034","10","https://media.ccc.de/v/30C3_-_5413_-_de_-_saal_1_-_201312301715_-_security_nightmares_-_frank_-_ron","official_complete_multilingual_video_and_original_German_audio_verified","01:06:49-01:06:59","Frank_and_Ron","Das Matching [wird] nicht im Telefon passieren ... aber eher wahrscheinlich eben schon in der Cloud.","The speakers contrast Apple's local match-on-chip design with cheaper follower implementations and continue the next-year phone forecast.","A majority of non-Apple fingerprint-smartphone models announced in 2014 will perform fingerprint-template matching in a remote cloud service rather than entirely on-device.","propia","cloud_fingerprint_matching","non-Apple fingerprint smartphone models announced in 2014","global","remote rather than local fingerprint-template matching","im nächsten Jahr","inherited_from_preceding_sentence","2013-12-30","2014-12-31","yes","B","include","","proportion","For every qualifying model with recoverable architecture documentation, classify matching as remote if a biometric template or derived matching representation leaves the device for server-side comparison; synchronization of an encrypted local decision token does not qualify.","More than 50 percent of classifiable qualifying models use remote matching.","At least 90 percent use entirely local matching in secure hardware or device software.","official_security_architecture_documents_and_independent_device_teardowns","Require architecture evidence for at least half of all qualifying 2014 models; otherwise indeterminable. Unknown models are not silently assigned.","Codex","2026-08-08","preregistration_consolidated_v0.2","no","Class B due probabilistic German wording, inherited horizon and market-share reconstruction; no outcome evidence consulted."
"34","CCC-2013-034","11","https://media.ccc.de/v/30C3_-_5413_-_de_-_saal_1_-_201312301715_-_security_nightmares_-_frank_-_ron","official_complete_multilingual_video_and_original_German_audio_verified","01:19:04-01:19:35","Frank_and_Ron","Eines der Dinge, die wir 2014 sehen werden, ist die Einführung von UEFI-BIOSen ... nachladbare Module.","The technical explanation emphasizes separately loadable firmware modules without reflashing the whole BIOS.","During 2014, at least one major PC OEM will commercially introduce a product line using UEFI firmware with post-manufacture loadable or updateable modules as a promoted or documented capability.","propia","modular_UEFI_adoption","major PC OEM product lines","global","commercial introduction of modular UEFI firmware capability","2014","individual","2013-12-30","2014-12-31","yes","B","include","","occurrence","OEM technical manuals, firmware documentation or launch material for a 2014 product line explicitly documents independently loadable, updateable or extensible UEFI modules or drivers without a complete firmware reflash.","At least one major OEM product line meets the modular-firmware rule during 2014.","No major OEM documentation for 2014 products supports modular loading and an authoritative standards source states the capability was not implemented commercially.","official_OEM_firmware_documentation_and_UEFI_technical_material","Do not count UEFI branding alone; the modular capability emphasized by the speaker must be documented. Earlier products do not satisfy introduction unless a new line launches in 2014.","Codex","2026-08-08","preregistration_consolidated_v0.2","no","Class B because Einführung may mean diffusion rather than first-ever invention; original German verified."
"34","CCC-2013-034","12","https://media.ccc.de/v/30C3_-_5413_-_de_-_saal_1_-_201312301715_-_security_nightmares_-_frank_-_ron","official_complete_multilingual_video_and_original_German_audio_verified","01:20:32-01:21:27","Frank_and_Ron","Eines der wesentlichen Dinge für 2014 wird das Problem ... dass [es] alle möglichen Side-Channels gibt, die es möglich machen, die Krypto zu brechen.","Examples include microphones, motion sensors, acoustic leakage and CPU power-converter noise used to obtain passwords or keys.","During 2014, at least three independent research teams will publicly demonstrate practical side-channel recovery of a cryptographic secret or authentication credential using commodity sensors, acoustic leakage or power-related emissions.","propia","side_channel_security_salience","public technical research demonstrations","global","multiple practical sensor, acoustic or power side-channel demonstrations","für 2014","individual","2013-12-30","2014-12-31","yes","B","include","","count","Peer-reviewed papers, conference demonstrations or researcher primary releases show recovery of a key, password, PIN or equivalent secret from a real implementation using one of the named physical or sensor channels.","At least three independent teams publish qualifying demonstrations in 2014, spanning at least two channel categories.","No qualifying demonstration appears in the year; one or two are non-fulfilment.","peer_reviewed_papers_and_researcher_primary_demonstrations","Simulation-only work and attacks requiring direct digital memory access do not qualify. Independence requires no shared lead author or laboratory.","Codex","2026-08-08","preregistration_consolidated_v0.2","no","Class B because wesentliches Ding is operationalized as research breadth rather than media prominence; German verified."
"34","CCC-2013-034","13","https://media.ccc.de/v/30C3_-_5413_-_de_-_saal_1_-_201312301715_-_security_nightmares_-_frank_-_ron","official_complete_multilingual_video_and_original_German_audio_verified","01:21:20-01:21:34","Frank_and_Ron","Die Kontrolle über die Sensoren wird ein wesentliches Problem in der IT-Security werden.","The immediate example is a phone one metre away listening to a passphrase; the statement occurs within the explicitly 2014 block.","By 31 December 2014, security research or platform policy will treat application access to microphones or motion sensors as a material credential- or key-exposure risk.","propia","sensor_access_security","mobile and endpoint sensor permissions and attacks","global","documented recognition or mitigation of sensor access as a credential-exposure risk","für 2014","section_inherited","2013-12-30","2014-12-31","yes","B","include","","occurrence","At least two independent qualifying research publications demonstrate credential or key inference from application-accessible sensors, or a major platform changes permissions or mitigations explicitly because such sensor access can expose secrets.","Either the two-team research branch or the major-platform mitigation branch is met by the deadline.","Authoritative reviews find no such demonstrations or platform concern during 2014; mere absence is non-fulfilment.","peer_reviewed_research_researcher_primary_material_and_platform_security_documentation","General privacy recording without inference of authentication or cryptographic secrets does not qualify. The 2014 horizon is inherited from the enclosing passage.","Codex","2026-08-08","preregistration_consolidated_v0.2","no","Class B due inherited year and operationalization of wesentliches Problem; German verified."
"34","CCC-2013-034","14","https://media.ccc.de/v/30C3_-_5413_-_de_-_saal_1_-_201312301715_-_security_nightmares_-_frank_-_ron","official_complete_multilingual_video_and_original_German_audio_verified","01:22:53-01:24:31","Frank_and_Ron","2014 könnte es passieren ... dann denke ich, ist die Baseband-Apokalypse jetzt doch vor der Tür.","The speakers cite cheap attack base stations, rich baseband functionality, Qualcomm monoculture, shared interfaces and expansion into always-powered devices.","During 2014, a remotely exploitable baseband vulnerability with potential exposure of at least one million deployed cellular devices will be publicly demonstrated or authoritatively disclosed.","propia","baseband_apocalypse","deployed cellular baseband devices","global","public disclosure of remotely exploitable baseband flaw at mass scale","2014 könnte es passieren","individual","2013-12-30","2014-12-31","yes","B","include","","occurrence","A vendor advisory, CVE record plus technical analysis, or public researcher demonstration establishes exploitation through the cellular radio/baseband interface without prior application-layer compromise and documents an affected chipset or model population plausibly exceeding one million deployed units.","At least one qualifying remotely exploitable mass-exposure baseband flaw is disclosed in 2014.","A comprehensive authoritative review of 2014 baseband research identifies no remotely exploitable disclosure; absence alone is non-fulfilment.","vendor_advisories_CVE_records_and_researcher_primary_technical_material","SMS application-parser bugs do not qualify unless exploitation occurs in the baseband processor or cellular protocol stack. Million-device exposure may be established from chipset/model shipment evidence.","Codex","2026-08-08","preregistration_consolidated_v0.2","no","Class B because apocalypse is narrowed to one mass-exposure remote flaw and könnte denotes possibility; German original verified."
"36","BHKEY-2017-01","10","https://www.youtube.com/watch?v=YJOMTAREFtY","official_complete_video_and_verified_captions","00:25:38-00:25:46","Alex Stamos","The things we are talking about this year are going to become the startups that you'll see over the next two years.","The keynote discusses Black Hat's role in turning emerging research and technical themes into defensive products and companies.","By 26 July 2019, at least three cybersecurity startups will have been publicly launched whose central product is directly traceable to research or a technical problem presented at Black Hat USA 2017.","propia","conference_topics_to_startups","cybersecurity startups launched after Black Hat USA 2017","global","formation of startups directly traceable to 2017 conference research or topics","over the next two years","individual","2017-07-26","2019-07-26","yes","B","include","","count","Company formation records, launch announcements, founder accounts or investor materials identify a central product and explicitly connect its origin to a Black Hat USA 2017 talk, released tool, research team or named technical problem represented in that programme.","At least three distinct startups with documented direct links launch by the deadline.","A comprehensive programme-to-company search finds no directly linked startup; one or two are non-fulfilment.","company_primary_material_founder_accounts_investor_material_and_official_conference_programme","A startup merely operating in a broad track such as cloud or malware does not qualify. Require a named talk, tool, team or narrowly matching problem plus founder/product evidence.","Codex","2026-08-08","preregistration_consolidated_v0.2","no","Class B because plural startups is frozen as three and causal traceability is interpretive; no outcome evidence consulted."
"39","CCC-2006-011","01","https://media.ccc.de/v/23C3-1682-de-security_nightmares","official_complete_German_video_and_local_transcription","00:45:04-00:45:20","Frank Rieger and Ron","Stichworte für 2007: Wir gehen davon aus, dass der Ausbau der Überwachung auf allen Ebenen stark fortschreiten wird.","This opens the explicitly prospective 2007 section after the annual retrospective.","During 2007, Germany will materially expand government surveillance at multiple institutional or technical levels.","propia","German_surveillance_expansion","government surveillance laws, powers and operational systems","Germany","material expansion across at least three distinct surveillance domains","für 2007","section_heading","2006-12-30","2007-12-31","yes","B","include","","count","Official legislation, regulations, court-authorized powers or documented operational deployments show new or expanded surveillance in at least three of: telecommunications data retention/interception, remote computer search, biometric identity/travel systems, video surveillance, financial/location data access, or intelligence/law-enforcement databases.","At least three distinct domains receive a material enacted or operational expansion during 2007.","Authoritative records show contraction in at least three domains and no expansion in any; lesser evidence is non-fulfilment.","official_German_legislation_government_documents_and_controlling_court_material","Proposals alone do not qualify unless operationally deployed. Multiple measures in one domain count once.","Codex","2026-08-08","preregistration_consolidated_v0.2","no","Class B due stark and allen Ebenen requiring a breadth threshold and section-inherited year; no outcomes consulted."
"39","CCC-2006-011","03","https://media.ccc.de/v/23C3-1682-de-security_nightmares","official_complete_German_video_and_local_transcription","00:49:02-00:49:20","Frank Rieger and Ron","Das BKA wird Trojaner einsetzen für die Online-Durchsuchung.","The claim follows discussion of German state-level authorization and begins the practical extrapolation of online searches.","By 31 December 2007, Germany's Federal Criminal Police Office will use or officially procure Trojan-like software for covert remote searches of computers.","propia","BKA_remote_search_trojan","BKA investigative operations or procurement","Germany","operational use or official procurement of covert remote-search malware","für 2007","section_inherited","2006-12-30","2007-12-31","yes","B","include","","occurrence","Official BKA or federal-government records, parliamentary answers, court records or authenticated procurement documents establish use, testing in an investigation, or procurement specifically for covert remote computer search.","A qualifying use or procurement occurs by year end.","An authoritative year-end statement says the BKA neither possessed, procured nor used such capability in 2007; absence alone is non-fulfilment.","official_German_government_parliamentary_judicial_or_procurement_records","State police use does not satisfy a claim specifically about the BKA. A lab-only concept without procurement or operational mandate does not qualify.","Codex","2026-08-08","preregistration_consolidated_v0.2","no","Class B only because the year is inherited from the section; German original reviewed outcome-blind."
"39","CCC-2006-011","04","https://media.ccc.de/v/23C3-1682-de-security_nightmares","official_complete_German_video_and_local_transcription","00:49:20-00:50:15","Frank Rieger and Ron","Erst führt man die Online-Durchsuchung ein und dann wird outgesourct.","The speakers argue that government will seek savings after acquiring zero-days and developing remote-search Trojans.","By 31 December 2007, a German public authority will contract an external private supplier for a material component of covert remote-computer-search capability.","propia","outsourced_government_hacking","German public-authority remote search tools or services","Germany","external contracting of exploit, implant, development or operational support","für 2007","section_inherited","2006-12-30","2007-12-31","yes","B","include","","occurrence","Official procurement, contract, parliamentary disclosure, court record or authenticated vendor material documents a private supplier providing exploits, implant development, command infrastructure or technical operation for German covert remote searches.","At least one qualifying external contract or supplied capability exists by year end.","Authoritative records establish exclusively in-house development and operation for all 2007 deployments; absence is non-fulfilment.","official_procurement_parliamentary_judicial_records_and_authenticated_vendor_material","General IT consulting does not qualify. The component must materially enable covert access or search.","Codex","2026-08-08","preregistration_consolidated_v0.2","no","Class B due satirical delivery and inherited year; no outcomes consulted."
"39","CCC-2006-011","05","https://media.ccc.de/v/23C3-1682-de-security_nightmares","official_complete_German_video_and_local_transcription","00:51:22-00:52:13","Frank Rieger and Ron","Nicht mehr nur ... der IP-Stack ... Grafikarten-Exploits ... WLAN-Chipsatz ... und das wird sicherlich mehr werden.","The passage broadens attack surfaces to privileged device components and embedded systems after citing then-recent graphics and Intel wireless flaws.","During 2007, public vulnerability disclosures involving exploitable graphics, wireless-chipset, peripheral-firmware or comparable non-IP-stack device components will exceed the 2006 count.","propia","device_component_vulnerability_growth","publicly disclosed exploitable non-IP-stack device-component vulnerabilities","global","year-over-year increase in qualifying disclosures","für 2007","section_inherited","2006-12-30","2007-12-31","yes","B","include","","trend","Using one frozen vulnerability database and vendor advisories, count 2006 and 2007 disclosures whose vulnerable code executes in GPU/graphics drivers or firmware, Wi-Fi chipset drivers or firmware, peripheral controllers, or embedded device subsystems and permits code execution, privilege escalation or security-boundary bypass.","The 2007 qualifying count is greater than the 2006 count.","The 2007 count is lower than 2006; equality is non-fulfilment.","NVD_or_equivalent_frozen_database_plus_vendor_advisories","Apply the same query and inclusion rules to both years; ordinary application or TCP/IP implementation flaws do not qualify.","Codex","2026-08-08","preregistration_consolidated_v0.2","no","Class B because more is converted to a year-over-year count and the year is inherited."
"39","CCC-2006-011","06","https://media.ccc.de/v/23C3-1682-de-security_nightmares","official_complete_German_video_and_local_transcription","00:52:36-00:53:25","Frank Rieger and Ron","Voice-over-IP-Boxen, IPTV-Boxen und Media-Player-Boxen ... die werden Infrastruktur ... Spam-Botnet ... oder eine Tor-Node.","The speakers note that alternative operating systems could turn low-power always-on boxes into network nodes.","During 2007, consumer VoIP, IPTV or media-player set-top boxes will be publicly documented operating as botnet infrastructure or Tor nodes.","propia","set_top_box_network_infrastructure","consumer set-top boxes and VoIP appliances","global","documented botnet participation or Tor relay operation","für 2007","section_inherited","2006-12-30","2007-12-31","yes","B","include","","occurrence","Incident reports, malware analyses or Tor project/community archives document at least one deployed qualifying consumer box used as a bot, command/relay component, spam node or Tor relay during 2007.","At least one botnet case or one verifiable Tor-node deployment occurs by year end.","Authoritative device and Tor records rule out both uses across the qualifying population; absence is non-fulfilment.","incident_response_malware_research_and_Tor_project_or_community_archives","A general-purpose PC attached to a television does not qualify; the device must be sold principally as a set-top, media or VoIP appliance.","Codex","2026-08-08","preregistration_consolidated_v0.2","no","Class B due broad device category and inherited horizon."
"39","CCC-2006-011","11","https://media.ccc.de/v/23C3-1682-de-security_nightmares","official_complete_German_video_and_local_transcription","01:06:25-01:06:38","audience_prediction_adopted_by_speakers","Der lustige Advisory-Spam auf Full Disclosure wird wahrscheinlich noch ein bisschen zunehmen ... Bogus-Advisories.","An audience intervention is accepted and discussed within the speakers' explicit 2007 prediction round rather than rejected or merely repeated.","During 2007, the Full Disclosure mailing list will carry more bogus security advisories than during 2006.","adoptada","Full_Disclosure_advisory_spam","messages posted to the Full Disclosure mailing list","global","year-over-year increase in deliberately bogus advisories","für 2007","section_inherited","2006-12-30","2007-12-31","yes","B","include","","trend","Apply a frozen archive review to both years: count messages formatted as vulnerability advisories whose claimed product, vulnerability or exploit is later admitted, demonstrated or contemporaneously identified as fabricated, versus ordinary inaccurate reports or jokes clearly labeled as such.","The qualifying 2007 count exceeds the 2006 count.","The 2007 count is lower than 2006; equality is non-fulfilment.","Full_Disclosure_primary_archive_plus_contemporaneous_corrections","Deduplicate cross-posts and follow-up threads to one bogus advisory event. If archive completeness differs materially by year, classify indeterminable.","Codex","2026-08-08","preregistration_consolidated_v0.2","no","Class B because audience authorship requires adoption and bogus classification is interpretive; no outcomes consulted."
"39","CCC-2006-011","13","https://media.ccc.de/v/23C3-1682-de-security_nightmares","official_complete_German_video_and_local_transcription","01:09:42-01:10:04","Frank Rieger and Ron","Filesystem-Hacks ... da wird uns 2007 auf den Fuß fallen.","The warning follows a discussion of USB sticks and devices containing more functionality or hidden components than expected.","During 2007, at least one publicly disclosed file-system implementation flaw or maliciously crafted file-system exploit will cause code execution or a security-boundary bypass through removable media or mounting/parsing a file system.","propia","file_system_exploitation","operating-system file-system parsers and removable media","global","public disclosure of exploitable file-system parsing or implementation flaw","2007","individual","2006-12-30","2007-12-31","yes","B","include","","occurrence","A CVE/vendor advisory plus technical analysis or researcher demonstration documents code execution, kernel compromise or sandbox/privilege-boundary bypass triggered principally by mounting, inserting or parsing a crafted file system or removable volume.","At least one qualifying exploit or vulnerability is publicly disclosed in 2007.","A comprehensive authoritative review identifies no qualifying 2007 flaw; absence alone is non-fulfilment.","CVE_vendor_advisories_and_researcher_primary_material","File-format parser bugs in documents stored on USB do not qualify; the vulnerable component must be the file-system or volume parser/driver.","Codex","2026-08-08","preregistration_consolidated_v0.2","no","Class B because auf den Fuß fallen is narrowed to one consequential technical disclosure; German original reviewed."
"41","CCC-2011-031","01","https://media.ccc.de/v/28c3-4898-de-security_nightmares","official_complete_German_video_and_local_transcription","01:04:18-01:04:48","Frank Rieger and Ron","2012 wird es da wohl so eine kleine Rejustierung der Sicherheitswahrnehmung geben.","The referent is hardware authentication tokens presented as the last defence against malware; the speakers stress that they are ordinary processors running software.","During 2012, public technical evidence will materially revise confidence in hardware banking-authentication tokens by demonstrating an exploitable implementation flaw or practical authentication bypass.","propia","hardware_token_security_reassessment","consumer or banking hardware authentication tokens","global","public demonstration of token compromise or authentication bypass","für 2012","section_inherited","2011-12-30","2012-12-31","yes","B","include","","occurrence","A vendor advisory, researcher demonstration or peer-reviewed technical publication during 2012 shows code execution, secret extraction, transaction manipulation or an authentication bypass principally caused by a flaw in a dedicated hardware authentication token.","At least one qualifying public technical disclosure occurs in 2012.","An authoritative review of 2012 token-security research identifies no qualifying disclosure; absence alone is non-fulfilment.","vendor_advisories_researcher_primary_material_and_peer_reviewed_research","Ordinary phishing or endpoint malware that never compromises or bypasses the token does not qualify.","Codex","2026-08-08","preregistration_consolidated_v0.2","no","Class B because Rejustierung is converted to one consequential disclosure and the year is inherited from the explicit 2012 round."
"41","CCC-2011-031","02","https://media.ccc.de/v/28c3-4898-de-security_nightmares","official_complete_German_video_and_local_transcription","01:07:16-01:07:41","Frank Rieger and Ron","Wenn wir im Jahr 2012 ... da würden wir eine ganze Reihe von kaputten Schließsystemen sehen.","The speakers cite newly sold locks still using already-broken smart-card technologies such as MIFARE Classic.","During 2012, multiple electronic access-control or locking systems sold or deployed with already-known weak smart-card technology will be publicly shown vulnerable.","propia","broken_electronic_locks","commercial electronic locks and physical access-control systems","global","public technical disclosures affecting distinct deployed locking systems","im Jahr 2012","individual","2011-12-30","2012-12-31","yes","B","include","","count","Researcher primary material, vendor advisories or CVE-linked analyses published in 2012 demonstrate unauthorized unlocking, credential cloning or access-control bypass in at least three distinct commercial lock or access-control product families whose enabling weakness was known before their deployment or sale.","At least three distinct qualifying product families are publicly demonstrated vulnerable during 2012.","One or zero qualifying product families is contradiction; two is non-fulfilment.","researcher_primary_material_vendor_advisories_and_CVE_records","A shared underlying technology may count across products only when the implementations are distinct commercial product families and each is technically demonstrated.","Codex","2026-08-08","preregistration_consolidated_v0.2","no","Class B because eine ganze Reihe is frozen as three product families."
"41","CCC-2011-031","03","https://media.ccc.de/v/28c3-4898-de-security_nightmares","official_complete_German_video_and_local_transcription","01:08:10-01:08:15","Frank Rieger and Ron","Es wird dann auch Telefone geben, die du als Zutrittskontrolltokens nehmen kannst.","The statement follows discussion of NFC in new phones and vulnerable electronic locks within the explicit 2012 round.","By 31 December 2012, at least one commercially available mobile phone will be deployable as a credential for physical access control.","propia","phones_as_access_tokens","commercial mobile phones and physical access-control systems","global","commercially documented phone-based physical access credential","für 2012","section_inherited","2011-12-30","2012-12-31","yes","B","include","","occurrence","Manufacturer documentation, a commercial deployment case or access-control vendor material dated no later than 2012 documents a mobile phone using NFC or another built-in radio as the credential that unlocks a physical door or gate.","At least one qualifying commercial phone and physical-access deployment exists by year end.","Authoritative market documentation rules out any commercial offering or deployment in 2012; absence alone is non-fulfilment.","manufacturer_and_access_control_vendor_primary_material","A laboratory-only prototype or phone used merely to administer a separate badge does not qualify.","Codex","2026-08-08","preregistration_consolidated_v0.2","no","Class B because the year is inherited from the section and commercial availability narrows the broad existential claim."
"41","CCC-2011-031","04","https://media.ccc.de/v/28c3-4898-de-security_nightmares","official_complete_German_video_and_local_transcription","01:10:38-01:11:50","Frank Rieger and Ron","Immer mehr Geräte ... kommen in den Markt ... und man dann schon mehr anfangen wird, dass man suchen muss, wenn man einen richtigen Computer haben will.","The speakers define these as devices formerly called computers but restricted to vendor-approved software and lacking ordinary user control.","During 2012, major consumer-computing vendors will expand the number of newly marketed device families that restrict ordinary software installation to a vendor-controlled store or signed boot path.","propia","locked_down_consumer_computing","new consumer computer-like device families","global","increase in restricted software-installation or boot product families","für 2012","section_inherited","2011-12-30","2012-12-31","yes","B","include","","trend","Using contemporaneous manufacturer launch and platform documentation, compare 2011 and 2012 counts of newly launched device families by the five largest relevant consumer-computing vendors that, by default, accept applications only through a vendor-controlled store or enforce a vendor-controlled signed boot chain without a supported user opt-out.","The qualifying 2012 family count exceeds the 2011 count under the same vendor set and coding rules.","The 2012 count is lower than 2011; equality is non-fulfilment.","manufacturer_launch_platform_and_market_share_primary_material","Phones may be included only if the same device class and vendor-selection rule is applied to both years; ordinary optional app stores do not qualify.","Codex","2026-08-08","preregistration_consolidated_v0.2","no","Class B because immer mehr is converted to a year-over-year product-family count and the horizon is inherited."
"41","CCC-2011-031","05","https://media.ccc.de/v/28c3-4898-de-security_nightmares","official_complete_German_video_and_local_transcription","01:19:06-01:19:26","Frank Rieger and Ron","Was wir 2012 noch sehen werden, sind PGP-verschlüsselte oder signierte Spam-E-Mails, um am Spamfilter vorbei zu kommen.","The speakers predict adversarial use of cryptographic wrapping specifically to evade spam filtering.","During 2012, spam campaigns will use PGP encryption or cryptographic signatures in an attempt to bypass email spam filters.","propia","encrypted_or_signed_spam","unsolicited bulk email campaigns","global","documented PGP-encrypted or cryptographically signed spam used for filter evasion","was wir 2012 noch sehen werden","individual","2011-12-30","2012-12-31","yes","B","include","","occurrence","A spam-trap corpus, incident report, security-vendor analysis or primary mailing-list evidence documents a 2012 unsolicited bulk-email campaign using PGP encryption or a cryptographic signature, with filter evasion evidenced by campaign design, analyst assessment or comparative delivery behaviour.","At least one qualifying campaign is documented during 2012.","A comprehensive authoritative 2012 spam review finds no qualifying campaign; absence alone is non-fulfilment.","spam_trap_archives_security_vendor_research_and_primary_message_evidence","S/MIME or DKIM applied routinely by legitimate senders does not qualify; the message must be unsolicited bulk email and the cryptographic wrapper linked to evasion.","Codex","2026-08-08","preregistration_consolidated_v0.2","no","Class B because motive and campaign classification require interpretation; the year is explicit."
"41","CCC-2011-031","06","https://media.ccc.de/v/28c3-4898-de-security_nightmares","official_complete_German_video_and_local_transcription","01:19:26-01:19:47","Frank Rieger and Ron","Das wird ... den Effekt haben, dass verschlüsselte E-Mails einfach herausgefiltert werden ... was den Effekt hat, dass nicht mehr verschlüsselt wird.","This is the predicted defensive and behavioural consequence of cryptographically wrapped spam.","During 2012, at least one material email provider or enterprise filter will block encrypted email by default as suspicious, producing documented suppression or abandonment of encrypted mail by affected users.","propia","encrypted_mail_blocking","email providers and enterprise filtering systems","global","default blocking plus documented reduction or abandonment of encrypted mail","für 2012","section_inherited","2011-12-30","2012-12-31","yes","B","include","","conjunctive_occurrence","Provider policy, product documentation or incident evidence establishes default blocking or quarantine of encrypted email, and contemporaneous user, administrator or organizational evidence links that treatment to disabled, abandoned or materially reduced encrypted-email use.","Both the filtering action and its documented behavioural consequence occur for at least one material provider or organization by year end.","Authoritative evidence shows encrypted messages were accepted normally and no affected deployment reduced encryption; absence alone is non-fulfilment.","provider_policy_filter_documentation_and_contemporaneous_organizational_evidence","Blocking only a malicious attachment does not qualify; the encrypted nature of the message or payload must drive the treatment.","Codex","2026-08-08","preregistration_consolidated_v0.2","no","Class B because the causal chain requires two linked observations and the year is inherited."
"41","CCC-2011-031","07","https://media.ccc.de/v/28c3-4898-de-security_nightmares","official_complete_German_video_and_local_transcription","01:25:39-01:25:50","Frank Rieger and Ron","Always-on Speech Recognition ist das Nächste, was kommt.","The statement appears in the explicit 2012 round and contrasts always-listening recognition with then-current face unlock.","By 31 December 2012, a mass-market smartphone platform or handset will publicly introduce always-listening speech recognition that can await a spoken trigger while the device is otherwise idle.","propia","always_on_speech_recognition","mass-market smartphone platforms and handsets","global","public product introduction of idle-state always-listening voice trigger","für 2012","section_inherited","2011-12-30","2012-12-31","yes","B","include","","occurrence","Official platform, handset or chipset documentation dated no later than 2012 describes a commercially released or announced smartphone feature that continuously or periodically listens while idle for a spoken activation phrase without requiring a prior button press.","At least one qualifying mass-market platform or handset is released or publicly announced by year end.","Authoritative product documentation establishes that all candidate 2012 systems required prior manual activation; absence alone is non-fulfilment.","platform_handset_and_chipset_primary_documentation","Ordinary speech recognition after tapping a microphone button does not qualify; a research prototype without a mass-market product announcement does not qualify.","Codex","2026-08-08","preregistration_consolidated_v0.2","no","Class B because the 2012 horizon is inherited and mass-market introduction operationalizes das Nächste."
"41","CCC-2011-031","08","https://media.ccc.de/v/28c3-4898-de-security_nightmares","official_complete_German_video_and_local_transcription","01:27:33-01:27:50","Frank Rieger and Ron","Es wird vermutlich dazu kommen 2012, dass wir mehr Kollisionen sehen zwischen dem, was tatsächlich technisch implementiert ist, und den Erwartungen ... an die Privatsphäre.","The speakers distinguish expectation violations from formal legal violations and frame them as platform or technology controversies.","During 2012, public controversies over digital platforms violating users' reasonable privacy expectations will increase compared with 2011.","propia","privacy_expectation_collisions","public controversies involving digital platforms or technologies","global","year-over-year increase in independently documented expectation-violation controversies","2012","individual","2011-12-30","2012-12-31","yes","B","include","","trend","Apply the same frozen search and coding protocol to 2011 and 2012: count distinct controversies documented by at least two independent reputable news sources in which a platform or device behaviour concerning personal data materially contradicted an expressed user-facing promise, default expectation or contemporaneous user survey, regardless of formal illegality.","The qualifying 2012 controversy count exceeds the 2011 count.","The 2012 count is lower than 2011; equality is non-fulfilment.","reputable_news_archives_platform_primary_material_and_user_research","Deduplicate repeated coverage of one practice; generic privacy criticism without a specified behaviour and expectation does not qualify.","Codex","2026-08-08","preregistration_consolidated_v0.2","no","Class B because mehr requires a coded year comparison and reasonable expectations require interpretive evidence."
"43","CCC-2017-073","01","https://media.ccc.de/v/34c3-8888-security_nightmares_0x12","official_complete_German_video_and_official_subtitles","01:07:02-01:07:18","Frank Rieger and Ron","Was geht denn so nächstes Jahr schief ... Es wird halt mehr so was wie Bleichenbacher geben.","The speakers report a survey of researchers responsible for earlier cryptographic disclosures and adopt the recurring-attack answer in their explicit 2018 outlook.","During 2018, public disclosures of practical cryptographic attacks exploiting PKCS#1 v1.5-style padding or closely analogous adaptive oracle behavior will exceed the 2017 count.","adoptada","bleichenbacher_style_attacks","publicly disclosed practical adaptive-oracle cryptographic attacks","global","year-over-year increase in qualifying attack disclosures","nächstes Jahr","individual","2017-12-30","2018-12-31","yes","B","include","","trend","Apply a frozen search to both years using peer-reviewed papers, vendor advisories and researcher primary material; count distinct practical attacks that recover plaintext or signatures, or bypass authentication, through adaptive oracle feedback from PKCS#1 v1.5 padding or a directly analogous cryptographic formatting oracle.","The qualifying 2018 disclosure count exceeds the 2017 count.","The 2018 count is lower than 2017; equality is non-fulfilment.","peer_reviewed_research_vendor_advisories_and_researcher_primary_material","Deduplicate one vulnerability or technique reported across venues; generic timing attacks without an adaptive formatting oracle do not qualify.","Codex","2026-08-08","preregistration_consolidated_v0.2","no","Class B because mehr requires a year comparison and analogous attacks require technical coding; third-party forecast is clearly adopted."
"43","CCC-2017-073","02","https://media.ccc.de/v/34c3-8888-security_nightmares_0x12","official_complete_German_video_and_official_subtitles","01:07:10-01:07:21","Frank Rieger and Ron","Es wird halt mehr schlechten Zufall geben, insbesondere auch gerne in Hardware implementierten schlechten Zufall.","The prior-year reference is the Infineon/Estonia cryptographic-key failure; the statement remains inside the explicit next-year crypto-apocalypse round.","During 2018, public disclosures of security-relevant defective random-number generation implemented in hardware will exceed the 2017 count.","adoptada","hardware_bad_randomness","hardware random-number generators and hardware-generated cryptographic keys","global","year-over-year increase in qualifying public disclosures","nächstes Jahr","section_inherited","2017-12-30","2018-12-31","yes","B","include","","trend","Using the same CVE/vendor-advisory and research search for 2017 and 2018, count distinct disclosed hardware products or generator designs whose hardware RNG or hardware key-generation path has demonstrably insufficient entropy, predictable output or systematic key weakness enabling a material security attack.","The qualifying 2018 disclosure count exceeds the 2017 count.","The 2018 count is lower than 2017; equality is non-fulfilment.","vendor_advisories_CVE_records_peer_reviewed_research_and_researcher_primary_material","Software-only seeding flaws do not qualify unless they occur in a hardware-provided RNG or hardware key-generation implementation. Deduplicate one root design flaw across products.","Codex","2026-08-08","preregistration_consolidated_v0.2","no","Class B due trend coding and adopted third-party origin; official German subtitles reviewed outcome-blind."
"44","VB-2015-P02","01","https://www.youtube.com/watch?v=JWm2AICa6rg","official_complete_video_and_original_automatic_captions","00:18:32-00:18:45","Ken Dunham","I believe that we're going to see major changes in that [payment-liability] landscape over the next five years because of the massive amount of fraud that's looming.","The passage follows discussion of EMV, legacy payment systems and the allocation of losses among merchants, issuers and consumers.","By 1 October 2020, payment networks, regulators or legislatures will implement multiple material changes in how payment-card or mobile-payment fraud liability is allocated among merchants, issuers, processors and consumers, with fraud risk cited as a rationale.","propia","payment_fraud_liability_change","payment-card and mobile-payment liability rules","global","implementation of distinct material fraud-liability reallocations","over the next five years","individual","2015-10-01","2020-10-01","yes","B","include","","count","Official network rules, regulator or legislative materials document at least two distinct implemented changes after the talk that materially reallocate responsibility for unauthorized payment losses or chargebacks among merchant, issuer, processor or consumer classes and explicitly cite fraud reduction or fraud-risk allocation.","At least two distinct qualifying changes are implemented by the deadline.","No qualifying implemented change is contradiction; one is non-fulfilment.","payment_network_regulatory_and_legislative_primary_material","Routine fee changes and the already-announced October 2015 US EMV liability shift do not count unless a materially new post-talk rule is adopted or implementation scope changes after the prediction.","Codex","2026-08-08","preregistration_consolidated_v0.2","no","Class B because major changes is frozen as two implemented reallocations and causal rationale must be documented."
"45","CCC-2005-006","01","https://media.ccc.de/v/22C3-600-de-security_nightmares","official_complete_German_audio_and_local_transcription","00:06:39-00:07:10","Frank Rieger and Ron","Jedes einzelne neue [Instant-Messaging-]System ... wurde ... angegriffen. Da haben wir sicherlich auch nächstes Jahr noch Spaß. Ja, das geht so weiter.","The retrospective identifies attacks against Skype and multiple messaging clients and then explicitly extends the pattern into the following year.","During 2006, at least one newly released or materially new instant-messaging client or service will receive a public security disclosure enabling remote code execution, credential theft or unauthorized message/session access.","propia","instant_messaging_attacks_continue","new or materially revised instant-messaging clients and services","global","qualifying public security disclosure against a new messaging system","nächstes Jahr","individual","2005-12-29","2006-12-31","yes","B","include","","occurrence","A vendor advisory, CVE record plus technical analysis or researcher primary disclosure published in 2006 documents remote code execution, credential theft or unauthorized access to messages or sessions in an instant-messaging client/service first released or materially relaunched during 2005-2006.","At least one qualifying disclosure occurs during 2006.","A comprehensive authoritative review finds no qualifying disclosure; absence alone is non-fulfilment.","vendor_advisories_CVE_records_and_researcher_primary_material","Ordinary denial of service or abuse of an established service without a client/service vulnerability does not qualify.","Codex","2026-08-08","preregistration_consolidated_v0.2","no","Class B because Spaß is operationalized as one consequential disclosure and identifying a materially new system requires coding."
"45","CCC-2005-006","02","https://media.ccc.de/v/22C3-600-de-security_nightmares","official_complete_German_audio_and_local_transcription","00:10:43-00:11:04","Frank Rieger and Ron","Mobiltelefone, Würmer ... jetzt bestimmt, ganz bestimmt nächstes Jahr ... Dieses Jahr gab es immerhin Proof of Concept.","The speakers acknowledge the prediction as a running joke but contrast the current proof of concept with the anticipated next step.","During 2006, a self-propagating mobile-phone worm will be publicly documented spreading beyond a controlled proof-of-concept environment to multiple independently owned devices.","propia","mobile_phone_worm_spread","mobile phones and smartphone operating systems","global","documented autonomous spread beyond a controlled prototype","nächstes Jahr","individual","2005-12-29","2006-12-31","yes","B","include","","occurrence","Incident-response, mobile-operator, antivirus-research or researcher primary evidence documents a worm that autonomously propagates between mobile phones and infects at least ten devices owned or operated by more than one unrelated person or organization during 2006.","At least one qualifying worm reaches ten independently operated devices during 2006.","Authoritative 2006 mobile-malware reviews identify only laboratory proofs of concept and no qualifying spread; absence alone is non-fulfilment.","mobile_operator_incident_response_antivirus_research_and_researcher_primary_material","User-forwarded trojans and desktop malware copied onto phones do not qualify; propagation must be autonomous from phone to phone.","Codex","2026-08-08","preregistration_consolidated_v0.2","no","Class B due humorous emphasis and the frozen ten-device threshold; the forecast remains explicit despite self-aware delivery."
"45","CCC-2005-006","03","https://media.ccc.de/v/22C3-600-de-security_nightmares","official_complete_German_audio_and_local_transcription","00:11:18-00:11:31","Frank Rieger and Ron","Es gibt offensichtlich eine ganze Menge Angriffbarkeiten ... im Software-Update-Mechanismus [von Mac OS X], die uns sicherlich im Laufe des nächsten Jahres noch einiges an Spaß bescheren werden.","The speakers distinguish an existing proof of concept from vulnerabilities they expect to become consequential in the following year.","During 2006, at least one security flaw in the Mac OS X software-update mechanism will be publicly disclosed that permits unauthorized code execution, update substitution or privilege escalation.","propia","Mac_OS_X_update_vulnerability","Mac OS X software-update mechanism","global","public disclosure of consequential update-path vulnerability","im Laufe des nächsten Jahres","individual","2005-12-29","2006-12-31","yes","B","include","","occurrence","An Apple advisory, CVE record plus technical analysis or researcher demonstration published in 2006 establishes unauthorized code execution, malicious update substitution or privilege escalation principally through the Mac OS X update mechanism or its trust/transport path.","At least one qualifying flaw is publicly disclosed during 2006.","Authoritative Apple and vulnerability records establish no qualifying 2006 disclosure; absence alone is non-fulfilment.","Apple_security_advisories_CVE_records_and_researcher_primary_material","A vulnerability merely patched by Software Update does not qualify; the update mechanism or its trust chain must be the vulnerable component.","Codex","2026-08-08","preregistration_consolidated_v0.2","no","Class B because einiges an Spaß is narrowed to one consequential flaw; German original transcribed outcome-blind."
"49","CCC-2018-074","01","https://media.ccc.de/v/35c3-9904-the_social_credit_system","official_complete_English_video_and_official_subtitles","00:34:42-00:35:13","Toni Lane Casserly","I believe this is the system that we're moving towards ... I assume that the system in the end will be similar to the Rongcheng system ... most likely, it would be a kind of decentralized data sharing system.","The speaker explains China's pilot-award-rollout pattern and later anchors the intended nationwide implementation to 2020 while rejecting the popular single-score model.","By 31 December 2020, China's implemented national Social Credit architecture will principally resemble the decentralized, rules-based Rongcheng model and operate through inter-agency or regional data sharing rather than one universal citizen score.","propia","China_social_credit_decentralized_architecture","national Chinese Social Credit architecture","China","implemented architecture principally based on decentralized rules and data sharing","by 2020","contextual_deadline","2018-12-28","2020-12-31","yes","B","include","","categorical","Authoritative Chinese central-government rules and implementation documents, corroborated by at least two independent specialist analyses using Chinese primary material, show that by year end the operative national architecture consists principally of multiple blacklists, sectoral/regional rules and shared records, without a universal numerical citizen score controlling general access.","Both the decentralized data-sharing architecture and absence of a universal operative citizen score are established by the deadline.","A nationwide operative universal citizen score is established as the principal architecture by the deadline; absence of nationwide implementation is non-fulfilment rather than contradiction.","Chinese_government_primary_material_and_independent_specialist_analysis","Commercial scores such as Sesame Credit do not establish a national universal score unless official rules make one the principal cross-domain state architecture.","Codex","2026-08-08","preregistration_consolidated_v0.2","no","Class B because the 2020 deadline is contextual and principally resemble requires architectural classification."
"51","BHPRO-2012-03","01","https://www.youtube.com/watch?v=S34b4kNUIos","official_complete_video_and_original_automatic_captions","00:02:58-00:03:27","Alex Stamos","The enterprise architecture is going to look very different ... that's not going to be true in 2017; the architectures will have to be significantly different if you want to adopt these technologies.","The technologies are IPv6, DNSSEC and new gTLDs; the speakers contrast 2017 designs with enterprise networks still built like 1997-1998.","By 31 December 2017, documented enterprise deployments of IPv6, DNSSEC or new-gTLD-dependent controls will exhibit multiple material network-security architecture changes compared with conventional IPv4 enterprise designs.","propia","enterprise_architecture_change","enterprise networks adopting IPv6 DNSSEC or new-gTLD controls","global","multiple documented material architecture changes","in 2017","individual","2012-07-26","2017-12-31","yes","B","include","","count","At least three independent enterprise deployment case studies or authoritative architecture guides dated by the deadline document at least three distinct changes among address/identity correlation, perimeter segmentation, name validation, endpoint exposure, routing policy, proxying or security monitoring that are necessary for the named technologies and materially depart from conventional IPv4 designs.","Three distinct architecture changes are documented across at least three independent deployments or authoritative guides by year end.","No material architecture change is documented; one or two are non-fulfilment.","enterprise_primary_case_studies_vendor_architecture_guides_and_standards_material","Product marketing without an implemented design or specific required control does not qualify.","Codex","2026-08-08","preregistration_consolidated_v0.2","no","Class B because significantly different is frozen as three changes and adoption makes the population conditional."
"51","BHPRO-2012-03","02","https://www.youtube.com/watch?v=S34b4kNUIos","official_complete_video_and_original_automatic_captions","00:57:16-00:57:33","Alex Stamos","In the next four or five years what we're going to see is a mix of IPv6 publicly addressable and then NATed IPv4 ... on the same machine.","The speaker rejects immediate restoration of pure end-to-end addressing and predicts a dual-stack transition state.","By 26 July 2017, publicly addressable IPv6 coexisting with NATed IPv4 on the same endpoint will be a common enterprise or consumer-network deployment pattern.","propia","dual_stack_public_v6_nated_v4","networked endpoints in enterprise or consumer access networks","global","common deployment of public IPv6 plus NATed IPv4 on the same endpoint","in the next four or five years","individual","2012-07-26","2017-07-26","yes","B","include","","prevalence","Independent measurement studies or authoritative operator deployment reports covering at least three major networks show that at least 10% of measured active endpoints or subscribers use dual stack with globally addressable IPv6 and IPv4 behind NAT by the deadline.","The 10% threshold is met in qualifying measurements or three major operator reports establish the pattern as a production default.","Qualifying measurements put prevalence below 1%; values from 1% to below 10% are non-fulfilment.","independent_network_measurement_and_operator_primary_reports","Temporary tunnels without native or provider IPv6 access do not qualify; endpoints must concurrently retain NATed IPv4.","Codex","2026-08-08","preregistration_consolidated_v0.2","no","Class B due common-pattern threshold and alternative evidence branches."
"51","BHPRO-2012-03","03","https://www.youtube.com/watch?v=S34b4kNUIos","official_complete_video_and_original_automatic_captions","00:57:47-00:58:53","Alex Stamos","We're probably going to have lots of public addresses with non-public routing ... organizations are going to make up rules [splitting] that 16-bit [subnet] space.","The statement follows the explicit four-to-five-year transition horizon and describes routable prefixes internally segmented at edge routers.","By 26 July 2017, production enterprise IPv6 architectures will commonly assign globally unique addresses while using routing or edge policy to keep designated subnets non-public.","propia","IPv6_nonpublic_routing","production enterprise IPv6 networks","global","documented use of globally unique addressing with policy-isolated subnets","in the next four or five years","section_inherited","2012-07-26","2017-07-26","yes","B","include","","count","At least five independent enterprise case studies, architecture guides tied to deployments, or major-vendor validated designs document globally unique IPv6 addresses combined with route filtering, edge ACLs or equivalent policy that prevents selected internal subnets from external reachability.","At least five distinct production enterprise deployments or validated designs satisfy both elements by the deadline.","No qualifying production design is documented; one to four are non-fulfilment.","enterprise_case_studies_operator_reports_and_validated_vendor_designs","Ordinary stateful firewalling alone does not qualify unless the design explicitly withholds routing or reachability from selected globally unique subnets.","Codex","2026-08-08","preregistration_consolidated_v0.2","no","Class B because lots/common use is operationalized as five and horizon is inherited."
"51","BHPRO-2012-03","04","https://www.youtube.com/watch?v=S34b4kNUIos","official_complete_video_and_original_automatic_captions","00:58:53-00:59:33","Alex Stamos","Realistically what this means is that proxies are going to become extremely important ... route all the traffic through a proxy ... and do authentication at a higher level than the IP level.","The reason is that a dual-stack endpoint may have multiple changing addresses that security products must bind to one identity.","By 26 July 2017, major enterprise security architectures will recommend or deploy authenticated application-layer proxies to correlate dual-stack endpoint traffic above the IP-address layer.","propia","authenticated_proxy_identity","enterprise dual-stack security architectures","global","documented recommendation or deployment of authenticated proxy identity correlation","in the next four or five years","section_inherited","2012-07-26","2017-07-26","yes","B","include","","count","At least three major security/network vendors or independent enterprise case studies by the deadline explicitly use authenticated application-layer proxies or secure web gateways to associate traffic from changing IPv4/IPv6 addresses with a user or device identity for monitoring or policy enforcement.","At least three independent qualifying architectures or deployments are documented.","No qualifying architecture is documented; one or two are non-fulfilment.","vendor_architecture_documentation_and_enterprise_case_studies","Unauthenticated forward proxies and identity systems not used to correlate dual-stack traffic do not qualify.","Codex","2026-08-08","preregistration_consolidated_v0.2","no","Class B because extremely important is narrowed to three major documented architectures and the deadline is inherited."
"51","BHPRO-2012-03","05","https://www.youtube.com/watch?v=S34b4kNUIos","official_complete_video_and_original_automatic_captions","00:59:44-00:59:55","Alex Stamos","We are going to have ... a greater number of endpoints that can be attacked directly ... route all the way to somebody's desktop.","The statement is part of the pros and cons of the predicted four-to-five-year IPv6 transition state.","By 26 July 2017, the number of internet-routable enterprise or consumer endpoints directly reachable over IPv6 will materially exceed its 2012 level.","propia","IPv6_direct_endpoint_exposure","internet-connected enterprise and consumer endpoints","global","material increase in directly reachable IPv6 endpoints","in the next four or five years","section_inherited","2012-07-26","2017-07-26","yes","B","include","","trend","Using a frozen comparable active-measurement methodology, estimate responsive or otherwise directly reachable non-server endpoint addresses over IPv6 in 2012 and 2017, supplemented by provider address-assignment evidence; material increase means at least fivefold growth.","The comparable 2017 estimate is at least five times the 2012 estimate.","The 2017 estimate is lower than 2012; growth below fivefold is non-fulfilment.","independent_active_measurement_and_operator_addressing_reports","Known server infrastructure is excluded; evidence must identify desktops, client devices, CPE or other endpoints not principally providing public server services.","Codex","2026-08-08","preregistration_consolidated_v0.2","no","Class B due a frozen fivefold threshold and measurement classification."
"51","BHPRO-2012-03","06","https://www.youtube.com/watch?v=S34b4kNUIos","official_complete_video_and_original_automatic_captions","01:00:04-01:00:35","Alex Stamos","It's going to be much easier to hide internal attacks, control channels, covert channels ... all kinds of crazy stuff like that using IPv6.","The speaker gives a concrete example of encoding a covert channel in IPv6 source and destination address bits.","By 26 July 2017, multiple public technical demonstrations will show IPv6 addressing or extension features being used to conceal command-and-control, covert-channel or internal attack traffic from conventional monitoring.","propia","IPv6_covert_channels","IPv6 covert channels and command-and-control techniques","global","multiple public demonstrations of concealment using IPv6-specific fields","in the next four or five years","section_inherited","2012-07-26","2017-07-26","yes","B","include","","count","At least three independent researcher demonstrations, peer-reviewed papers or incident analyses by the deadline implement or observe concealment of attack/control data principally through IPv6 source/destination addressing, extension headers, neighbor-discovery fields or transition-specific mechanisms, and explain evasion of conventional monitoring.","At least three independent qualifying techniques or demonstrations are public by the deadline.","No qualifying demonstration is found; one or two are non-fulfilment.","peer_reviewed_research_researcher_primary_material_and_incident_analysis","Ordinary encryption over IPv6 does not qualify; concealment must depend materially on an IPv6-specific field or mechanism.","Codex","2026-08-08","preregistration_consolidated_v0.2","no","Class B because easier is operationalized through three demonstrations and the horizon is inherited."
"51","BHPRO-2012-03","07","https://www.youtube.com/watch?v=S34b4kNUIos","official_complete_video_and_original_automatic_captions","01:00:37-01:01:04","Alex Stamos","Remote scanning of entire IP address ranges [is] no longer reasonable ... an IPv6 external network vulnerability assessment is going to have to require some kind of enumeration that does not include just incrementing by one.","The speakers predict a methodological change for attackers and penetration testers under the four-to-five-year transition horizon.","By 26 July 2017, authoritative IPv6 vulnerability-assessment practice will require target-discovery or enumeration techniques other than exhaustive sequential address scanning.","propia","IPv6_nonsequential_enumeration","IPv6 external vulnerability assessment and penetration testing","global","authoritative practice requires nonsequential target discovery","in the next four or five years","section_inherited","2012-07-26","2017-07-26","yes","B","include","","categorical","At least three authoritative penetration-testing guides, major scanner product documents or peer-reviewed measurement papers by the deadline explicitly state that exhaustive sequential IPv6 scanning is infeasible and prescribe DNS, neighbor discovery, address-pattern inference, logs, passive observation or another nonsequential discovery method.","At least three independent authoritative sources meet both the infeasibility and alternative-method criteria.","Authoritative practice demonstrates exhaustive sequential scanning as the standard viable method; fewer than three sources are non-fulfilment.","authoritative_testing_guides_scanner_documentation_and_peer_reviewed_measurement","Scanning a small known IPv6 prefix does not contradict the claim about exhaustive external ranges.","Codex","2026-08-08","preregistration_consolidated_v0.2","no","Class B because practice adoption is evidenced through three sources and deadline is inherited."
"51","BHPRO-2012-03","08","https://www.youtube.com/watch?v=S34b4kNUIos","official_complete_video_and_original_automatic_captions","00:52:48-00:53:10","Alex Stamos","When these [new gTLDs] come live next year ... many ... are going to support IDNs ... in your Splunk logs and ArcSight you're going to start to see [non-Latin] characters as the reverse DNS lookup.","The scheduled launch itself is not counted; the prediction concerns an observable operational consequence for security logs.","During 2013, enterprise security or DNS logs will publicly document non-Latin internationalized new-gTLD labels appearing in operational name-resolution records.","propia","IDN_gTLD_security_logs","enterprise security and DNS logging systems","global","documented operational appearance of non-Latin new-gTLD labels","next year","individual","2012-07-26","2013-12-31","yes","B","include","","occurrence","A security-vendor case study, operator report, researcher dataset or enterprise primary account from 2013 shows a non-Latin IDN top-level label delegated under the new-gTLD program appearing in reverse/forward DNS output, SIEM records or security-analysis logs.","At least one qualifying operational log example is documented during 2013.","Authoritative delegation and logging records establish that no non-Latin new-gTLD label appeared in qualifying logs in 2013; absence alone is non-fulfilment.","ICANN_delegation_records_operator_or_enterprise_logs_and_security_research","Existing country-code IDNs do not qualify; the label must belong to the new-gTLD program discussed in the talk.","Codex","2026-08-08","preregistration_consolidated_v0.2","no","Class B because operational logging must be distinguished from scheduled delegation."
"59","CCC-2016-060","01","https://media.ccc.de/v/33c3-8413-security_nightmares_0x11","official_complete_video_and_human_subtitles","00:55:48-00:55:58","Frank","Also ich denke, für 2017 können wir glaube ich annehmen, dass sich Ende 2017 dieser Glaubenskrieg um Auto-Updates erledigt haben sollte.","The statement appears in the explicitly introduced 2017 outlook and follows an audience poll about default automatic updates in consumer electronics.","By 31 December 2017, the consumer-technology dispute over enabling automatic security updates by default will be materially settled in favour of default automatic updating.","propia","automatic_security_updates","mainstream consumer operating systems and connected-device platforms","global","convergence toward default automatic security updates","Ende 2017","individual","2016-12-30","2017-12-31","yes","B","include","","categorical","Contemporaneous default-update policies for the five largest consumer desktop/mobile operating-system families plus at least three major connected-device vendors, and standards or regulator guidance, coded for default automatic security updating and visible organized opposition.","At least six of eight sampled platform/vendor families enable security updates automatically by default by the deadline and authoritative guidance endorses that default, with no comparably prominent industry split over the principle.","Four or fewer sampled families enable the default and authoritative sources document an unresolved industry split; intermediate evidence is non-fulfilment or indeterminable if policies cannot be reconstructed.","official_platform_vendor_documentation_and_authoritative_policy_guidance","Feature updates do not count; the criterion concerns security updates. A residual user opt-out does not negate default enablement.","Codex","2026-08-08","preregistration_consolidated_v0.2","no","Class B because 'Glaubenskrieg erledigt' is operationalized as platform convergence plus absence of a prominent industry split."
"59","CCC-2016-060","05","https://media.ccc.de/v/33c3-8413-security_nightmares_0x11","official_complete_video_and_human_subtitles","01:01:40-01:01:58","Frank","Was wir 2017 auch noch sehen werden ist definitiv, dass Ad-Blocker zu Realitätstunneln werden ... Content-Filtering-Engine ... um andere Dinge zu tun, außer nur die Werbung rauszumachen.","The speaker gives comments and sports news as examples of non-advertising content that users could suppress.","During 2017, publicly available ad-blocking tools or filter lists will be used to suppress at least one category of non-advertising editorial or user-generated web content.","propia","adblock_content_filtering","publicly available browser ad blockers and filter lists","global","documented non-advertising content filtering through ad-blocking infrastructure","2017","individual","2016-12-30","2017-12-31","yes","B","include","","occurrence","A dated 2017 release note, filter-list repository, extension documentation or contemporaneous demonstration shows an ad-blocking tool filtering comments, news topics, social/editorial modules or another non-advertising content category.","At least one public, operational and reproducible qualifying example exists during 2017.","Authoritative project records establish that no sampled mainstream ad-blocking tool supported non-ad filtering in 2017; absence from a partial sample is non-fulfilment.","primary_project_repositories_release_notes_and_contemporaneous_demonstrations","Cosmetic removal of ad placeholders alone does not qualify; the removed material must itself be non-advertising content.","Codex","2026-08-08","preregistration_consolidated_v0.2","no","Class B because the metaphor 'reality tunnels' is narrowed to the concrete mechanism and examples supplied by the speaker."
"59","CCC-2016-060","06","https://media.ccc.de/v/33c3-8413-security_nightmares_0x11","official_complete_video_and_human_subtitles","01:02:19-01:02:36","Frank","Vielleicht nicht nächstes Jahr, aber übernächstes Jahr ... wir brauchen bald Werbeblocker-Blocker-Blocker und die müssen natürlich auch so langsam intelligent werden, d. h., wir werden so eine verteilte Intelligenz bauen, die uns die Werbeblocker-Blocker blockt.","The talk date makes 'the year after next' calendar year 2018; this is the defensive side of the predicted automated arms race.","By 31 December 2018, an ad-blocking system will publicly use distributed or adaptive algorithmic logic specifically to defeat anti-ad-blocking mechanisms.","propia","adaptive_anti_anti_adblock","ad-blocking systems and filter infrastructure","global","public implementation of adaptive or distributed anti-anti-adblock logic","übernächstes Jahr","individual","2016-12-30","2018-12-31","yes","B","include","","occurrence","Project code, technical documentation or a contemporaneous researcher demonstration by the deadline identifies a distributed, crowd-updated, machine-learned or otherwise adaptive mechanism whose explicit purpose is to detect or defeat anti-adblock scripts.","At least one operational public implementation meets both the adaptive/distributed and anti-anti-adblock criteria by the deadline.","Authoritative records show attempted qualifying systems were abandoned without an operational implementation; mere absence is non-fulfilment.","primary_project_code_documentation_and_contemporaneous_security_research","Ordinary manually maintained static filters qualify only if the documented system automatically distributes rapid counter-rules based on observed anti-adblock changes.","Codex","2026-08-08","preregistration_consolidated_v0.2","no","Class B because 'intelligent' is operationalized using the mechanisms explicitly named or functionally equivalent adaptive distribution."
"59","CCC-2016-060","07","https://media.ccc.de/v/33c3-8413-security_nightmares_0x11","official_complete_video_and_human_subtitles","01:02:36-01:02:49","Frank","Dann wird auf der anderen Seite wahrscheinlich auch AI eingesetzt werden, die die Blocker-Blocker-Blocker versucht zu umgehen, und dann haben wir ... zwei Lager von Maschinenintelligenzen, die um unsere Aufmerksamkeit kämpfen.","This is the advertising/anti-adblock side of the same 2018 outlook, explicitly contrasted with the blockers' distributed intelligence.","By 31 December 2018, an anti-adblocking or advertising-delivery system will publicly use machine learning or adaptive automated logic to evade ad blockers or their countermeasures.","propia","adaptive_adblock_evasion","advertising delivery and anti-adblock systems","global","public implementation of adaptive automated adblock evasion","übernächstes Jahr","section_inherited","2016-12-30","2018-12-31","yes","B","include","","occurrence","Vendor technical material, deployed code, patent-supported product documentation or independent contemporaneous analysis by the deadline demonstrates machine-learning or adaptive automated modification/detection used specifically to evade ad blocking.","At least one deployed or publicly demonstrated qualifying system exists by the deadline.","A claimed qualifying system is authoritatively shown to be wholly manual or non-operational; absence alone is non-fulfilment.","vendor_primary_material_code_patents_and_independent_technical_analysis","Simple randomized ad URLs or static obfuscation do not qualify unless the system adaptively changes in response to blocking or uses an identified ML technique.","Codex","2026-08-08","preregistration_consolidated_v0.2","no","Class B due operationalization of the colloquial AI claim; horizon inherited from the immediately preceding sentence."
"59","CCC-2016-060","11","https://media.ccc.de/v/33c3-8413-security_nightmares_0x11","official_complete_video_and_human_subtitles","01:06:24-01:06:47","Ron","Wenn du deine Passphrase vergisst ... dann musst du dir das Ding eigentlich nur ein halbes bis Dreivierteljahr hinlegen und dann kommst du an die Daten wieder ran.","The referent is a then-current iOS device; the speaker argues that expensive platform exploits make device encryption only temporary.","By 30 September 2017, a publicly documented forensic or exploit capability will recover user data from at least one materially current iOS device that had been inaccessible because its passcode or encryption could not initially be bypassed.","propia","iOS_delayed_data_access","iOS devices current at the end of 2016","global","documented post-delay recovery of protected user data","ein halbes bis Dreivierteljahr","individual","2016-12-30","2017-09-30","yes","B","include","","occurrence","Official forensic-vendor documentation, court records, laboratory research or a technically detailed contemporaneous case documents data extraction from an iPhone/iPad model supporting a current iOS release at talk time despite an initially unavailable passcode or encryption barrier.","At least one qualifying capability or case is documented by the nine-month deadline.","Authoritative testing shows all then-current supported iOS devices remained inaccessible to every documented qualifying technique through the deadline; absence alone is non-fulfilment.","forensic_vendor_primary_documentation_court_records_and_technical_research","Recovery through a previously configured cloud backup does not qualify; the evidence must concern protected data obtained from the device or a cryptographically equivalent device backup.","Codex","2026-08-08","preregistration_consolidated_v0.2","no","Class B because the colloquial claim is restricted to at least one materially current device rather than universal recoverability."
"60","CCC-2006-008","01","https://media.ccc.de/v/23C3-1608-en-vehicular_communication_and_vanets","official_complete_audio_local_transcript","00:08:02-00:08:14","Frank Kargl","This becomes also commonplace and will probably be installed into the majority of new cars within the next couple of years.","'This' refers to local radar or laser sensors that give a vehicle information about surrounding vehicles and support collision-related driver assistance.","By 28 December 2008, local radar- or laser-based environmental sensing will be installed in more than half of new passenger-car models or registrations in at least one major automobile market.","propia","automotive_local_sensors","new passenger cars","major_automobile_markets","majority penetration of radar or laser environmental sensing","within the next couple of years","individual","2006-12-28","2008-12-28","yes","B","include","","prevalence","Contemporaneous regulator, industry-association or independent market data estimate the share of new passenger-car registrations or models equipped with radar/laser-based adaptive cruise, collision warning, automatic braking or equivalent environmental sensing in the EU, United States or Japan.","A comparable estimate exceeds 50% in at least one of the three markets by the deadline.","Comparable authoritative data place penetration below 25% in all three markets; values from 25% through 50% are non-fulfilment rather than contradiction.","regulator_industry_association_and_independent_market_data","Ultrasonic parking sensors alone do not qualify; the system must sense surrounding traffic or obstacles for driving or collision assistance. If only model availability rather than registrations is measurable, use the proportion of distinct new passenger-car model lines and label the denominator.","Codex","2026-08-08","preregistration_consolidated_v0.2","no","Class B because commonplace/majority is operationalized as greater than 50%; 'couple' is frozen as two years."
"70","CCC-2009-021","01","https://media.ccc.de/v/26c3-3687-de-security_nightmares","official_complete_audio_local_transcript","00:59:28-01:00:06","Frank Rieger and Ron","Eines der Dinge, die wir in 2010 vorhersehen, ist, dass wir tatsächlich zu einem Zielkonflikt kommen werden zwischen Umweltschutz und Datenschutz ... es wird sich noch verschärfen ... deutlich werden. Angefangen mit intelligenten Stromzählern.","This begins the explicitly announced 2010 forecast section and identifies smart-meter energy-efficiency policy as the initial arena.","During 2010, smart-meter deployment in Germany or the EU will generate a visible policy conflict between environmental/energy-efficiency goals and data protection.","kollektiv_panel","smart_meter_policy_conflict","smart-meter policy and deployment","Germany_and_European_Union","visible privacy-versus-energy-efficiency policy conflict","in 2010","individual","2009-12-30","2010-12-31","yes","B","include","","count","Contemporaneous regulator, data-protection authority, legislative, court or major civil-society records from 2010 explicitly weigh smart-meter energy/environment benefits against privacy or personal-data risks.","At least three independent authoritative 2010 interventions explicitly frame or adjudicate both sides of that conflict.","Authoritative German/EU policy records affirm that smart-meter deployment raises no personal-data issue and no qualifying intervention exists; one or two interventions are non-fulfilment.","official_regulatory_legislative_data_protection_and_major_civil_society_records","Generic opposition to electricity prices or installation costs does not qualify; the same source must connect consumption data/privacy with energy or environmental objectives.","Codex","2026-08-08","preregistration_consolidated_v0.2","no","Class B because 'deutlich' and 'verschärfen' are operationalized through three authoritative interventions; 2010 is explicit."
"70","CCC-2009-021","02","https://media.ccc.de/v/26c3-3687-de-security_nightmares","official_complete_audio_local_transcript","01:04:09-01:04:26","Frank Rieger and Ron","Es soll ja dahin gehen, dass man praktisch live den Stromverbrauch beobachtet und sehen kann, wann geht die Waschmaschine an, wann der Kühlschrank ... und das wird für Aha-Erlebnisse sorgen.","The statement remains within the 2010 smart-meter forecast block and predicts an observable privacy-relevant capability rather than mere legal installation.","During 2010, a public study, demonstration or deployed smart-meter service will show that fine-grained household electricity data can reveal operation of individual appliances or household activities.","kollektiv_panel","smart_meter_load_disaggregation","household smart-meter data","Germany_or_comparable_market","inference of appliance operation from fine-grained consumption","in 2010","section_inherited","2009-12-30","2010-12-31","yes","B","include","","occurrence","A dated 2010 peer-reviewed study, regulator test, utility pilot report or reproducible technical demonstration infers at least two distinct appliance/activity classes from household smart-meter or advanced-metering data without an appliance-mounted sensor.","At least one qualifying 2010 source demonstrates two or more inferred appliance/activity classes.","Authoritative experiments conclude such inference is technically impossible at every deployed 2010 sampling resolution; absence alone is non-fulfilment.","peer_reviewed_research_regulator_tests_utility_pilots_and_technical_demonstrations","Aggregate monthly billing data alone does not qualify; measurements must be sufficiently granular to infer particular appliance operation or occupancy-linked activity.","Codex","2026-08-08","preregistration_consolidated_v0.2","no","Class B because the inherited annual horizon and two-class threshold convert the illustrative examples into a reproducible test."
"70","CCC-2009-021","05","https://media.ccc.de/v/26c3-3687-de-security_nightmares","official_complete_audio_local_transcript","01:06:39-01:07:39","Frank Rieger and Ron","Fraud Detection besser machen ... da denke ich, werden wir noch einige lustige Hiccups sehen ... da kommt sicherlich noch mehr.","The example is mass replacement of cards after an opaque suspected Spanish data or fraud-detection event; this remains in the 2010 outlook.","During 2010, automated payment-card or banking fraud-detection systems will cause multiple publicly documented large-scale false-positive, account-blocking or precautionary replacement incidents.","kollektiv_panel","automated_fraud_detection_disruption","bank and payment-card customers","global","multiple large-scale customer disruptions caused by automated fraud detection","2010","section_inherited","2009-12-30","2010-12-31","yes","B","include","","count","Contemporaneous bank, regulator or reputable incident records identify automated fraud rules or risk scoring as materially causing precautionary card replacement, account blocking or payment denial affecting at least 1,000 customers in an incident.","At least three independent qualifying incidents occur or are documented during 2010.","Authoritative sector-wide records identify zero such incidents; one or two are non-fulfilment.","bank_regulator_incident_primary_records_and_reputable_contemporaneous_reporting","Confirmed fraud-driven replacement still qualifies only if automation materially determined the affected population; ordinary replacement after a fully identified breach without automated scoring does not.","Codex","2026-08-08","preregistration_consolidated_v0.2","no","Class B because 'einige' is frozen as at least three and large-scale as 1,000 affected customers."
"70","CCC-2009-021","10","https://media.ccc.de/v/26c3-3687-de-security_nightmares","official_complete_audio_local_transcript","01:16:40-01:17:08","Frank Rieger and Ron","[Das Botnet funktionierte] in den Ländern, wo die Mobiltelefone tatsächlich eine eigene IP-Adresse bekommen, die man auch von außen erreichen kann ... Und IPv6 wird es jeder sein.","The prediction generalizes the externally reachable addressing condition observed in the mobile botnet example and occurs inside the 2010 outlook sequence.","By 31 December 2010, a majority of measured consumer or mobile IPv6 deployments will assign globally addressed endpoints that are directly reachable inbound from the public internet.","kollektiv_panel","IPv6_inbound_reachability","consumer and mobile IPv6 deployments","global","majority direct inbound reachability of globally addressed IPv6 endpoints","2010","section_inherited","2009-12-30","2010-12-31","yes","B","include","","prevalence","Contemporaneous operator documentation and comparable active measurements classify consumer/mobile IPv6 deployments by global addressing and unsolicited inbound reachability through host or CPE firewalls.","More than 50% of a documented deployment-weighted or endpoint-weighted sample is directly reachable inbound by the deadline.","Less than 25% is directly reachable in every qualifying sample; 25%-50% is non-fulfilment and incompatible samples yield indeterminable.","operator_documentation_and_independent_active_measurement","A globally unique address blocked by a stateful firewall is not directly reachable; server-hosting networks are excluded.","Codex","2026-08-08","preregistration_consolidated_v0.2","no","Class B because the universal colloquial claim is conservatively tested as a majority and the year is inherited."
"70","CCC-2009-021","11","https://media.ccc.de/v/26c3-3687-de-security_nightmares","official_complete_audio_local_transcript","01:17:09-01:17:40","Frank Rieger and Ron","Das Leaken von Dokumenten mit Wikileaks und Web 2.0 wird doch jetzt zur neuen Massentrendsportart, oder? Ja.","Both panelists assent; the statement follows other 2010 trend items and concerns document disclosure by multiple actors, not one controlled WikiLeaks release.","During 2010, public web platforms will host document leaks from multiple independent organizations or source groups at a scale sufficient to constitute a broad recurring phenomenon.","kollektiv_panel","mass_document_leaks","public web document-leak events","global","multiple independent large document leaks through public web platforms","2010","section_inherited","2009-12-30","2010-12-31","yes","B","include","","count","Contemporaneous primary repositories and reputable records identify distinct source organizations or leak datasets publicly distributed via WikiLeaks or comparable web platforms, each containing at least 1,000 non-public organizational records.","At least five independent qualifying leak datasets are publicly released during 2010.","No qualifying large dataset is released during 2010; one to four are non-fulfilment.","primary_leak_repositories_archival_records_and_reputable_contemporaneous_reporting","Mirrors of the same dataset count once; the source organizations or underlying datasets must be distinct, and ordinary authorized transparency releases do not qualify.","Codex","2026-08-08","preregistration_consolidated_v0.2","no","Class B because the humorous mass-trend wording is frozen as five independent large datasets under the explicit 2010 outlook."
"80","CCC-2007-012","04","https://media.ccc.de/v/24c3-2233-en-vx","official_complete_video_local_transcript","00:54:39-00:55:53","SkyOut","[Question:] Do you think for 2008 you will see an increase of viruses to Macintosh? ... [Answer:] I think yes ... with increasing Mac users viruses will increase as well.","The audience question supplies the explicit calendar-year horizon; the speaker repeats the Macintosh-increase proposition and adopts it before explaining the platform-adoption mechanism.","During calendar year 2008, the documented number of distinct malicious-code families or samples targeting Mac OS X will increase relative to calendar year 2007.","propia_respuesta","macos_malware_growth","distinct malicious-code families or samples targeting Mac OS X","global","year-over-year increase in documented Mac OS X malware","for 2008","question_inherited","2007-12-27","2008-12-31","yes","B","include","","direction","Comparable annual malware catalogs, antivirus telemetry reports or platform-security chronologies report distinct Mac OS X-targeting malicious-code families or samples for both 2007 and 2008.","The 2008 count exceeds the 2007 count in the same qualifying series; if multiple comparable series disagree, a majority must show an increase.","The 2008 count is at least 25% lower than the 2007 count in every qualifying comparable series; equality or a smaller decline is non-fulfilment.","antivirus_vendor_annual_reports_independent_malware_catalogs_and_platform_security_chronologies","Do not substitute total detections or Windows malware counts for distinct Mac-targeting families/samples; the same taxonomy and counting method must cover both years.","Codex","2026-08-08","preregistration_consolidated_v0.2","no","Class B because increase is directional; the 2008 horizon is unequivocally inherited from the question explicitly adopted by the speaker."
"80","CCC-2007-012","05","https://media.ccc.de/v/24c3-2233-en-vx","official_complete_video_local_transcript","00:54:46-00:55:53","SkyOut","[Question:] And these viruses will be compatible to iPhone maybe? ... [Answer:] I think yes ... the iPhone is a very interesting target ... it will just be a matter of time until people code viruses that exactly execute code on the iPhone.","The answer reformulates both parts of the 2008 question, assents, and cites Safari vulnerabilities as the mechanism; compatibility is conservatively operationalized as at least one malware item spanning or ported between the platforms.","During calendar year 2008, at least one documented malicious-code family, sample or functional port will target iPhone OS while sharing executable code, payload lineage or demonstrated portability with Mac OS X malware.","propia_respuesta","macos_iphone_malware_portability","malicious-code families, samples or functional ports spanning Mac OS X and iPhone OS","global","documented cross-platform or ported malware compatibility between Mac OS X and iPhone OS","for 2008","question_inherited","2007-12-27","2008-12-31","yes","B","include","","occurrence","Contemporaneous malware analyses or vendor advisories document code execution on iPhone OS and establish shared code, payload lineage, source portability or a functional port from/to Mac OS X malware.","At least one qualifying cross-platform family, sample or functional port is documented by 2008-12-31.","Authoritative 2008 platform-malware catalogs identify iPhone OS malware but explicitly find no shared/ported Mac OS X lineage; absence alone is non-fulfilment.","antivirus_vendor_analyses_platform_security_advisories_and_independent_reverse_engineering_reports","A browser exploit alone does not qualify unless packaged as malicious code and linked by code or portability to Mac OS X; benign jailbreak tools are excluded.","Codex","2026-08-08","preregistration_consolidated_v0.2","no","Class B due interpretive operationalization of compatible and plural category; the explicit 2008 horizon is inherited from the adopted audience question."
"92","CCC-2014-045","01","https://media.ccc.de/v/31c3_-_6265_-_en_-_saal_6_-_201412281600_-_the_automobile_as_massive_data_gathering_source_and_the_consequences_for_individual_privacy_-_jimmy_schulz_-_dr_rudiger_hanig","official_complete_audio_local_transcript","00:03:32-00:03:44","Jimmy Schulz and Rüdiger Hanig","Other data, which can be collected in a car, for example, cell information if you have eCall, the system which will be implemented in the next couple of years in new cars, dash cams, parking cams, and others.","The phrase identifies eCall as a system not yet generally implemented and supplies a bounded two-year deployment horizon; it is external to the speakers and distinct from the examples of already available vehicle data.","By 28 December 2016, eCall will be fitted as standard equipment in a majority of new passenger-car models commercially offered in the European Union.","co_presentacion","eCall_new_car_implementation","new passenger-car models offered for sale","European_Union","majority fitted with eCall as standard equipment","in the next couple of years","explicit","2014-12-28","2016-12-28","yes","B","include","","prevalence","Contemporaneous EU regulatory records, type-approval documentation and manufacturer model specifications permit classification of new passenger-car models offered in the EU by whether eCall was standard equipment by the deadline.","More than 50% of documented new passenger-car models offered in the EU include operational eCall as standard equipment by 2016-12-28.","Fewer than 25% include operational eCall as standard equipment; 25%-50% is non-fulfilment, and inadequate comparable model coverage is indeterminable.","EU_primary_legislation_type_approval_records_and_manufacturer_model_specifications","Aftermarket devices and optional-only emergency-call packages do not qualify; couple is frozen as two years and the EU scope follows the named eCall programme and European policy context.","Codex","2026-08-08","preregistration_consolidated_v0.2","no","Class B because implementation in new cars is operationalized as a majority of models and geographic scope is inferred from the eCall policy context."
"93","BHKEY-2015-01","01","https://www.youtube.com/watch?v=Tjvw5fz_GuA","official_linked_complete_video_original_automatic_captions","00:06:11-00:06:33","Jennifer Granick","We have insurance coming on the scene. Cyber insurance is going to suck up maybe a quarter to a third of your budget in the next, say, five to ten years.","The surrounding address is to organizational security practitioners and contrasts insurance premiums with technical controls; the numerical range and maximum ten-year horizon are explicit.","By 5 August 2025, cyber-insurance expenditure will account for between 25% and 33.3% of the cybersecurity budget among organizations that purchase cyber insurance.","propia_keynote","cyber_insurance_budget_share","organizations purchasing cyber insurance","global","cyber-insurance expenditure equals 25%-33.3% of cybersecurity budget","in the next say five to ten years","explicit","2015-08-05","2025-08-05","yes","B","include","","share","Comparable organizational surveys or audited budget studies report cyber-insurance premiums as a percentage of total cybersecurity expenditure among policy-purchasing organizations near the deadline.","The weighted median or the central estimate in at least two independent qualifying studies lies between 25% and 33.3% inclusive by 2025-08-05.","All qualifying central estimates are below 10% or above 50%; estimates outside 25%-33.3% but not contradictory are non-fulfilment, and absence of comparable denominators is indeterminable.","independent_budget_surveys_insurance_market_studies_and_audited_organizational_financial_records","Insurance limits, market premium totals and percentage of organizations insured cannot substitute for premium share of cybersecurity budget; conflicting estimates are resolved by weighted median where possible.","Codex","2026-08-08","preregistration_consolidated_v0.2","no","Class B because the audience-wide budget claim requires a frozen population and aggregation rule despite its explicit numeric interval and deadline."
"100","CCC-2010-028","01","https://media.ccc.de/v/27c3-4230-de-security_nightmares","official_complete_audio_local_transcript","00:16:44-00:17:45","Frank Rieger and Ron","Wir haben Hinweise darauf, dass tatsächlich in Deutschland ... staatlicherseits Trojaner eingesetzt werden ... Da werden wir im Jahr 2011 noch mal eine ganze Menge mit zu tun haben.","The panel reports indications of at least double-digit present deployments and then makes a separate calendar-year forecast about the issue's continuation and public salience.","During 2011, German state use of source-telecommunications-surveillance malware will generate multiple independently documented deployments, disclosures, legal disputes or major public investigations.","kollektiv_panel","German_state_trojan_activity","documented German state-malware deployments and public accountability events","Germany","multiple qualifying state-trojan deployments or public accountability events","im Jahr 2011","explicit","2010-12-29","2011-12-31","yes","B","include","","count","Court records, parliamentary documents, official procurement or deployment records, technical analyses and contemporaneous major reporting identify distinct state-malware deployments, disclosures, proceedings or investigations during 2011.","At least five distinct qualifying deployments or accountability events are documented during 2011, with at least one supported by a primary official or technical source.","No qualifying event is documented by authoritative records; one to four events are non-fulfilment.","German_court_and_parliamentary_records_official_documents_independent_technical_analysis_and_contemporaneous_reporting","Repeated coverage of one disclosure counts once; deployments against different targets or separate legal and parliamentary proceedings may count separately.","Codex","2026-08-08","preregistration_consolidated_v0.2","no","Class B because colloquial eine ganze Menge is frozen as at least five distinct events."
"100","CCC-2010-028","02","https://media.ccc.de/v/27c3-4230-de-security_nightmares","official_complete_audio_local_transcript","00:29:52-00:30:28","Frank Rieger and Ron","Dann wurden angeblich im ersten Halbjahr 2010 so viele Sicherheitslücken wie nie zuvor entdeckt ... Wir können einfach davon ausgehen, dass wir diese Meldung mittlerweile jedes Halbjahr haben werden.","The speakers explicitly adopt a recurring half-year prediction and explain it through superlinear growth of deployed software and bugs; the next observation period is the first half of 2011.","For the first half of 2011, at least one consistent global vulnerability series will report more newly disclosed vulnerabilities than in any earlier half-year in that same series.","kollektiv_panel","half_year_vulnerability_record","newly disclosed vulnerabilities in a consistent global catalog","global","new all-time half-year record in disclosed vulnerabilities","jedes Halbjahr","explicit_recurring_first_period","2010-12-29","2011-06-30","yes","B","include","","record","A continuously maintained vulnerability catalog provides comparable publication or disclosure dates and counts for every half-year through 2011-H1.","The 2011-H1 count exceeds every earlier half-year count in at least one primary global catalog, and no equally comprehensive primary catalog contradicts the record.","Every qualifying comprehensive catalog places 2011-H1 at least 25% below its prior record; a smaller shortfall is non-fulfilment and incompatible dating conventions yield indeterminable.","primary_global_vulnerability_catalogs_and_contemporaneous_catalog_reports","Use one date convention consistently within each catalog; later backfills count only if the catalog supplies historical disclosure dates.","Codex","2026-08-08","preregistration_consolidated_v0.2","no","Class B because the recurring colloquial claim is tested at its first future half-year and catalog date conventions may differ."
"100","CCC-2010-028","03","https://media.ccc.de/v/27c3-4230-de-security_nightmares","official_complete_audio_local_transcript","01:00:02-01:02:20","Frank Rieger and Ron","Also wir stehen 2011 sicherlich am Anfang der Crypto Wars 2.0 ... [including] Universal Attribution ... immer mehr Lockdown ... [and] Clear-Text-Mandate.","The statement expressly names 2011 and defines the new conflict through government attribution requirements, locked-down devices and mandated provider access to plaintext communications.","During 2011, the United States or European governments will advance multiple concrete legal, regulatory or standards initiatives seeking universal network attribution, provider-accessible plaintext, encryption restrictions or equivalent exceptional access.","kollektiv_panel","crypto_wars_2_policy_initiatives","government exceptional-access, attribution and encryption-control initiatives","United_States_and_Europe","multiple concrete initiatives marking a renewed crypto-policy conflict","2011","explicit","2010-12-29","2011-12-31","yes","B","include","","count","Official bills, consultation papers, agency proposals, standards documents or executive statements during 2011 explicitly seek attributable network traffic, provider decryption capability, plaintext access or restrictions on user-controlled encryption.","At least three distinct qualifying initiatives from at least two governmental institutions or jurisdictions are formally advanced or publicly proposed during 2011.","No qualifying initiative is advanced by an authoritative governmental source during 2011; one or two are non-fulfilment.","official_legislative_regulatory_agency_and_standards_records","General cybercrime rhetoric without a concrete access, attribution or encryption-control mechanism does not qualify; revisions of the same proposal count once.","Codex","2026-08-08","preregistration_consolidated_v0.2","no","Class B because Anfang and Crypto Wars 2.0 are operationalized as three initiatives across at least two institutions or jurisdictions."
"100","CCC-2010-028","04","https://media.ccc.de/v/27c3-4230-de-security_nightmares","official_complete_audio_local_transcript","01:05:30-01:06:15","Frank Rieger and Ron","Ein scriptfähiges PDF wird die nächsten zwei, drei Jahre ein Renner, denn Behörden wollen in Zukunft nur noch auf solche PDFs aufsetzen, um darin alle Berechnungen zu machen.","The panel supplies a maximum three-year horizon and a mechanism: public authorities' use of script-capable PDFs for calculations and forms.","By 29 December 2013, script-capable or interactive PDF forms will become a prominent production format for calculation-bearing workflows in public authorities.","kollektiv_panel","scriptable_PDF_government_workflows","public-authority calculation-bearing forms and workflows","Germany_and_Europe","prominent adoption of script-capable interactive PDF forms","die nächsten zwei, drei Jahre","explicit","2010-12-29","2013-12-29","yes","B","include","","adoption","Official form repositories, procurement or technical guidance and archival public-service workflows document interactive PDFs using embedded calculations or scripts.","At least ten distinct public authorities across at least three jurisdictions publish or mandate qualifying calculation-bearing interactive PDF workflows by the deadline, or an authoritative sector-wide source identifies the format as common.","Fewer than three authorities in every qualifying archival survey use such workflows; three to nine are non-fulfilment and insufficient archived forms are indeterminable.","official_public_form_archives_procurement_records_and_technical_guidance","Static fillable fields without embedded calculations or scripts do not qualify; multiple forms from one authority count once.","Codex","2026-08-08","preregistration_consolidated_v0.2","no","Class B because Renner is frozen as cross-jurisdiction prominence and the geographic scope is inferred from the German/European government context."
"103","CCC-2008-019","01","https://media.ccc.de/v/25c3-3021-de-security_nightmares_2009","official_complete_audio_local_transcript","00:06:52-00:07:05","Frank Rieger and Ron","Also, es wird auch 2009 wieder Datenschleudern geben, nicht wahr? Richtig. Die Datenbank wächst. Und irgendwann wird sie wegkommen.","The second panelist expressly agrees; Datenschleudern refers to organizations or systems losing or exposing growing databases, not the CCC magazine.","During 2009, multiple publicly documented incidents will expose or lose large personal-data databases.","kollektiv_panel","large_personal_data_leaks","incidents exposing or losing large personal-data databases","global","multiple large personal-data leak incidents","auch 2009 wieder","explicit","2008-12-29","2009-12-31","yes","B","include","","count","Regulator notices, breached-organization disclosures and contemporaneous reputable reporting identify distinct incidents and affected-record counts.","At least five distinct incidents each expose or lose at least 100,000 personal records during 2009.","No qualifying incident is documented; one to four are non-fulfilment.","regulator_breach_notices_organization_disclosures_and_contemporaneous_reporting","Different disclosures from the same underlying breach count once; payment-card-only events qualify only if personal records beyond card numbers are exposed.","Codex","2026-08-08","preregistration_consolidated_v0.2","no","Class B because colloquial plural recurrence is frozen as five large incidents and large as 100,000 records."
"103","CCC-2008-019","02","https://media.ccc.de/v/25c3-3021-de-security_nightmares_2009","official_complete_audio_local_transcript","00:42:55-00:43:28","Frank Rieger and Ron","Ich glaube, auf diesem Kongress ist klar geworden: GSM hat dann wohl kein Jahr mehr. Also nächstes Jahr auf dem Kongress wird wohl GSM ganz schön doll tot sein ... GSM als Basistechnologie ist jetzt mittlerweile in Hackerhand angekommen.","The next-congress deadline is explicit and dead is interpreted as a public practical break of a core GSM security property rather than disappearance of service.","By the 2009 CCC Congress, a public attack will practically break a core GSM confidentiality, authentication or network-control property using tools or data available to independent researchers.","kollektiv_panel","GSM_practical_public_break","public practical attacks on core GSM security properties","global","public independent practical break of GSM security","kein Jahr mehr; nächstes Jahr auf dem Kongress","explicit","2008-12-29","2009-12-31","yes","B","include","","occurrence","Primary research presentations, released tools or datasets and independent technical replications demonstrate interception, decryption, impersonation or unauthorized network operation against deployed GSM.","At least one reproducible public attack against deployed GSM is presented or released by 2009-12-31 and independently confirmed or accompanied by usable artifacts.","Authoritative technical reviews find that all announced 2009 attacks remain simulation-only or require undisclosed operator secrets; absence alone is non-fulfilment.","primary_security_research_artifacts_conference_presentations_and_independent_replications","A laboratory flaw without practical deployed-network relevance does not qualify; lawful operation of a private BTS alone does not count as a security break.","Codex","2026-08-08","preregistration_consolidated_v0.2","no","Class B because colloquial dead is conservatively operationalized as one practical public break, not collapse of GSM service."
"103","CCC-2008-019","03","https://media.ccc.de/v/25c3-3021-de-security_nightmares_2009","official_complete_audio_local_transcript","00:44:24-00:45:05","Frank Rieger and Ron","Ansonsten denken wir, es wird ein Proxy- und VPN-Exit-Betreiber-Boom geben ... wegen der Frage: Was kriege ich wohl zu sehen, wenn ich auf die Webseite gehe, aber nicht aus Deutschland oder USA oder China?","The explicit 2009 outlook remains active and the panel states a directional boom driven by geographically differentiated filtering.","During 2009, the documented population or usage of public proxy, VPN or exit-node services used to bypass geographic filtering will grow substantially relative to 2008.","kollektiv_panel","proxy_VPN_exit_growth","public proxy, VPN and censorship-circumvention exit services","global","substantial year-over-year growth in services or usage","2009 outlook block","section_inherited","2008-12-29","2009-12-31","yes","B","include","","direction","Comparable annual project statistics, service directories, network measurements or market records count active services, exits or users in both 2008 and 2009.","A majority of at least three independent comparable series show at least 25% growth from 2008 to 2009, or one authoritative global series shows at least 50% growth.","Every qualifying series shows a decline of at least 10%; smaller growth or mixed evidence is non-fulfilment or indeterminable under incompatible definitions.","primary_project_statistics_network_measurements_service_directories_and_market_records","Ordinary corporate remote-access VPNs without circumvention or exit service are excluded; the same series and metric must cover both years.","Codex","2026-08-08","preregistration_consolidated_v0.2","no","Class B because Boom is frozen as substantial comparative growth and combines closely related exit mechanisms."
"103","CCC-2008-019","04","https://media.ccc.de/v/25c3-3021-de-security_nightmares_2009","official_complete_audio_local_transcript","00:46:00-00:47:10","Frank Rieger and Ron","Adobe Flash, denken wir mal 2009, wenn wir damit so viel Spaß haben ... Flash hat eine Schnittstelle auf Webcams und Mikrofone ... für den Bundestrojaner 3.0 ist es die Plattform.","Inside the 2009 outlook, the panel predicts security trouble specifically tied to Flash's broad permissions and installed base rather than merely noting current interfaces.","During 2009, Adobe Flash will be implicated in multiple major publicly documented exploitation campaigns or high-severity vulnerabilities enabling code execution or unauthorized camera or microphone access.","kollektiv_panel","Adobe_Flash_security_incidents","major Flash vulnerabilities and exploitation campaigns","global","multiple major Flash exploitation or surveillance-capability incidents","2009","explicit","2008-12-29","2009-12-31","yes","B","include","","count","Adobe advisories, CVE records, exploit analyses and contemporaneous incident reporting document distinct high-severity vulnerabilities or exploitation campaigns during 2009.","At least five distinct qualifying high-severity vulnerabilities or exploitation campaigns occur in 2009, including at least one observed in active exploitation or enabling unauthorized media-device access.","No qualifying high-severity issue or campaign is documented; one to four are non-fulfilment.","Adobe_security_advisories_CVE_records_primary_exploit_analyses_and_contemporaneous_reporting","Multiple CVEs fixed by one root-cause patch count separately only if technically distinct; mere availability of webcam APIs does not qualify.","Codex","2026-08-08","preregistration_consolidated_v0.2","no","Class B because colloquial viel Spaß is frozen as five major issues with one exploitation or surveillance-capability event."
"103","CCC-2008-019","05","https://media.ccc.de/v/25c3-3021-de-security_nightmares_2009","official_complete_audio_local_transcript","00:52:51-00:53:45","Frank Rieger and Ron","SNMPv3 war eigentlich so der Bug von 2008 ... viele Geräte, die in kritischer Infrastruktur stecken, werden mit SNMP verwaltet. Da bietet sich für 2009 noch ein sehr großes Tätigkeitsfeld.","The 2009 outlook treats vulnerable SNMP management of infrastructure devices as a future field of security activity.","During 2009, multiple public security disclosures, exploit demonstrations or incidents will target SNMP-managed infrastructure or SNMPv3 authentication and encryption weaknesses.","kollektiv_panel","SNMP_infrastructure_security_activity","SNMP-managed infrastructure and SNMPv3 security","global","multiple public disclosures, exploits or incidents","für 2009","explicit","2008-12-29","2009-12-31","yes","B","include","","count","Vendor advisories, CVE records, primary research, exploit releases or incident reports document distinct SNMP-related infrastructure security events in 2009.","At least five distinct qualifying disclosures, exploit demonstrations or incidents occur during 2009, with at least one concerning SNMPv3 or infrastructure-class equipment.","No qualifying event occurs; one to four are non-fulfilment.","vendor_advisories_CVE_records_primary_research_exploit_artifacts_and_incident_reports","Generic SNMP configuration advice without a vulnerability, exploit or incident does not qualify; duplicate advisories for one flaw count once.","Codex","2026-08-08","preregistration_consolidated_v0.2","no","Class B because großes Tätigkeitsfeld is frozen as five events and activity type is interpretively specified."
"103","CCC-2008-019","06","https://media.ccc.de/v/25c3-3021-de-security_nightmares_2009","official_complete_audio_local_transcript","00:54:43-00:55:10","Frank Rieger and Ron","Für 2009 ... richtig viele Aktivistenflugobjekte, Flugobjekt-Einsätze in einem vernünftigen Maßstab ... werden es viele kleine billige sein oder wenige teure große?","The panel treats activist aircraft deployments as promised for 2009 and explicitly expects enough activity to discuss scale and cost distribution.","During 2009, activists will publicly deploy unmanned, remotely controlled or lighter-than-air imaging/communications platforms in multiple distinct political or civic actions.","kollektiv_panel","activist_aerial_platform_deployments","public activist uses of unmanned or remotely controlled aerial platforms","global","multiple activist aerial-platform deployments","für 2009 ... richtig viele","explicit","2008-12-29","2009-12-31","yes","B","include","","count","Primary activist documentation, event media, project archives or contemporaneous reporting identify distinct real-world deployments and their civic or political purpose.","At least ten distinct deployments across at least three activist campaigns or organizations occur during 2009.","No qualifying deployment is documented; one to nine are non-fulfilment.","activist_project_archives_event_media_and_contemporaneous_reporting","Static kites or balloons count only when carrying an imaging, sensing or communications payload; repeated flights in one campaign count once unless separately documented actions.","Codex","2026-08-08","preregistration_consolidated_v0.2","no","Class B because richtig viele is frozen as ten deployments across three campaigns and the compound noun is interpreted technologically."
"103","CCC-2008-019","07","https://media.ccc.de/v/25c3-3021-de-security_nightmares_2009","official_complete_audio_local_transcript","00:55:12-00:55:48","Frank Rieger and Ron","Targeted Attacks ... Denken wir, 2009 wird auch zunehmen ... 2008 schon gezielte Angriffe gegen kleine NGOs gesehen, die mit Zero-Days vorgetragen wurden.","The comparison is explicitly directional from the 2008 NGO examples into calendar 2009.","During 2009, publicly documented targeted cyberattacks against NGOs, journalists or civil-society groups will increase relative to 2008.","kollektiv_panel","targeted_attacks_civil_society","publicly documented targeted attacks against NGOs, journalists and civil-society groups","global","year-over-year increase in targeted attacks","2009 wird auch zunehmen","explicit","2008-12-29","2009-12-31","yes","B","include","","direction","Comparable threat reports, incident repositories or civil-society security records enumerate targeted attacks or campaigns against the defined population in both years.","The 2009 count exceeds the 2008 count by at least 25% in a majority of qualifying comparable series.","Every qualifying series shows a decline of at least 25%; a smaller change or mixed direction is non-fulfilment or indeterminable.","civil_society_incident_repositories_primary_threat_reports_and_contemporaneous_case_records","Mass untargeted malware is excluded; one campaign targeting multiple organizations counts once unless technically distinct operations are documented.","Codex","2026-08-08","preregistration_consolidated_v0.2","no","Class B because increase is directional but depends on retrospective incident-series construction."
"103","CCC-2008-019","08","https://media.ccc.de/v/25c3-3021-de-security_nightmares_2009","official_complete_audio_local_transcript","00:55:48-00:56:25","Frank Rieger and Ron","Wir denken, das wird sich auch weiterentwickeln ... demnächst geht es jetzt weiter Richtung Selective Attacks: Zielen auf eine Gruppe von Menschen.","The statement immediately continues the explicit 2009 targeted-attack item and distinguishes individually handcrafted attacks from scalable attacks aimed at a selected group.","During 2009, at least one documented cyberattack campaign will operationalize group-selective targeting by distributing a tailored lure or payload to multiple members of a defined profession, organization type or affinity group.","kollektiv_panel","group_selective_cyberattacks","cyberattack campaigns targeting defined groups","global","documented scalable group-selective attack campaign","2009 outlook inherited","section_inherited","2008-12-29","2009-12-31","yes","B","include","","occurrence","Primary incident analyses or threat reports document a campaign's common tailored lure, payload or delivery list and a defined target group with multiple recipients.","At least one qualifying campaign targets at least 20 members or five organizations within a defined group during 2009.","Authoritative 2009 campaign surveys identify only individually handcrafted or mass-untargeted attacks and no qualifying group-selective campaign; absence alone is non-fulfilment.","primary_incident_analyses_threat_reports_and_campaign_artifacts","Spear-phishing a single person is excluded; broad language-only spam without a shared group-specific lure or payload is excluded.","Codex","2026-08-08","preregistration_consolidated_v0.2","no","Class B because Selective Attacks and group scale require operational thresholds and the 2009 horizon is inherited."
"103","CCC-2008-019","09","https://media.ccc.de/v/25c3-3021-de-security_nightmares_2009","official_complete_audio_local_transcript","01:33:10-01:33:35","Frank Rieger and Ron","Der Grund, warum es bisher keine großflächigen Mobile-Malware-Attacken gibt, ist mitnichten, dass die Operator gut filtern ... Schauen wir mal. Insofern haben wir gute Hoffnung für 2009.","The closing line sarcastically but affirmatively adopts the session's recurring mobile-malware prediction for 2009 after rejecting operator filtering as the protective mechanism.","During 2009, at least one mobile-malware campaign will spread or cause unauthorized premium-message, data-access or service-disruption effects across a substantial population of phones beyond a laboratory demonstration.","kollektiv_panel","large_scale_mobile_malware","mobile-malware campaigns affecting phones in the wild","global","at least one substantial in-the-wild mobile-malware campaign","gute Hoffnung für 2009","explicit","2008-12-29","2009-12-31","yes","B","include","","occurrence","Mobile-operator advisories, antivirus telemetry, primary malware analyses or contemporaneous incident reports document propagation or effects and affected-device scale.","At least one qualifying campaign affects or is detected on at least 10,000 devices, or operates across at least three mobile networks or countries during 2009.","Authoritative 2009 mobile-threat reports identify no campaign exceeding 1,000 devices or one network; intermediate scale is non-fulfilment and incomparable telemetry is indeterminable.","mobile_operator_advisories_antivirus_telemetry_primary_malware_analysis_and_incident_reporting","Proof-of-concept code and the demonstrated Curse of Silence denial-of-service message alone do not qualify without in-the-wild campaign scale.","Codex","2026-08-08","preregistration_consolidated_v0.2","no","Class B because sarcastic gute Hoffnung is treated as adopted, while large-scale is frozen quantitatively."
"104","CCC-2010-024","01","https://media.ccc.de/v/27c3-4111-de-eins_zwei_drei_alle_sind_dabei","official_complete_audio_local_transcript","00:13:04-00:13:24","speaker","Durch den Zensus hat man dann halt einen super Prototyp für dieses Bundesmelderegister ... Ich bin mir eigentlich schon relativ sicher, dass wir im Jahr 2012 oder 2013 über dieses Thema informiert werden, dass wir jetzt ein Bundesmelderegister kriegen.","The speaker distinguishes enacted but stalled federal-register legislation from the census infrastructure and personally expresses high confidence in a formal revival announcement by 2013.","By 31 December 2013, the German federal government will formally announce, introduce or advance a concrete proposal to create a centralized federal population register using or building on census and municipal-register infrastructure.","propia_presentacion","German_federal_population_register","formal federal proposals for a centralized population register","Germany","formal announcement or advancement of a concrete federal-register proposal","im Jahr 2012 oder 2013","explicit","2010-12-28","2013-12-31","yes","B","include","","occurrence","Federal bills, cabinet or ministry documents, parliamentary records or official consultations announce or advance a centralized federal population-register proposal by the deadline.","At least one qualifying official proposal specifies federal consolidation or centralized access to municipal population-register data and is formally published or introduced by 2013-12-31.","Official federal records through the deadline explicitly abandon centralized consolidation and contain no qualifying proposal; absence alone is non-fulfilment.","German_federal_legislation_cabinet_ministry_and_parliamentary_records","Routine interoperability standards or one-off census processing do not qualify unless the proposal creates continuing federal population-register functionality.","Codex","2026-08-08","preregistration_consolidated_v0.2","no","Class B because kriegen/informiert operationalizes to a formal proposal rather than completed deployment."
"111","CCC-2007-014","01","https://media.ccc.de/v/24c3-2336-de-security_nightmares","official_complete_video_german_audio_verified_slides_and_local_transcript","00:42:56-00:44:43","Ron_or_Frank_Rieger","Eines der Dinge, die ich so als Trend sehe für 2008 ... industrielle Automatisierung ... geht nun plötzlich über TCP/IP ... dieser ganze Prozess ... hat 2007 so richtig Schwung genommen, wird 2008 richtig schlimm werden.","The forecast follows the explicit transition into the 2008 section and appears while the slide 'Stichworte für 2008' is displayed; examples include CNC control, conveyor systems and machinery connected through Ethernet/TCP-IP.","During calendar year 2008, the security exposure of TCP/IP-connected industrial automation and control machinery will materially worsen.","propia","industrial_control_security","TCP/IP-connected industrial automation and control machinery","global","material worsening evidenced by newly disclosed high-impact vulnerabilities or cyber incidents affecting connected industrial machinery","für 2008 ... wird 2008 richtig schlimm werden","section_inherited_and_individual","2007-12-30","2008-12-31","yes","B","include","","direction","Official advisories, national CERT records, vendor bulletins or contemporaneous security research document newly disclosed remotely reachable vulnerabilities or cyber incidents in TCP/IP-connected industrial automation during 2008.","At least two qualifying 2008 disclosures or incidents affect distinct industrial products or installations, with at least one rated high/critical or described as capable of disrupting physical operations.","A comprehensive authoritative 2008 review reports zero new remotely reachable vulnerabilities and zero incidents in the defined population; mere absence is non-fulfilment.","official_CERT_vendor_advisories_and_contemporaneous_industrial_security_research","Count disclosures by initial public disclosure date, not later CVE assignment; ordinary office IT at an industrial company does not qualify unless the affected system controls machinery or physical process.","Codex","2026-08-08","preregistration_consolidated_v0.2","no","Class B because 'richtig schlimm' requires a frozen materiality threshold; bilingual verification completed before any outcome search."
"111","CCC-2007-014","02","https://media.ccc.de/v/24c3-2336-de-security_nightmares","official_complete_video_german_audio_verified_slides_and_local_transcript","01:04:31-01:05:04","Ron_or_Frank_Rieger","Embedded Systems werden halt viel mehr, als wir bisher so dachten ... in ganz vielen verschiedenen Dingen drin ... wir denken, dass wir 2008 die unmöglichsten Devices sehen, die halt auch angreifbar und exploitbar sind.","The statement is made under the persistent 2008 forecast slide, contrasting plastic routers with embedded systems appearing in many unexpected device categories.","During calendar year 2008, exploitable security weaknesses will be publicly demonstrated in multiple unexpected categories of embedded devices beyond ordinary routers and computers.","propia","embedded_device_exploitation","unexpected embedded consumer household robotic or infrastructure device categories beyond ordinary PCs and routers","global","public demonstration or authoritative documentation of exploitable weakness in multiple unexpected embedded-device categories","wir denken, dass wir 2008 ... sehen","section_inherited_and_individual","2007-12-30","2008-12-31","yes","B","include","","occurrence","Contemporaneous conference research, vendor advisories, CERT records or technical analyses demonstrate code execution, authentication bypass, sensitive-data extraction or unauthorized control in an embedded device category outside ordinary PCs and commodity routers.","Qualifying evidence exists in at least two distinct unexpected device categories first publicly documented during 2008.","A comprehensive authoritative review of 2008 embedded-device security explicitly finds no qualifying demonstrations outside PCs and routers; absence alone is non-fulfilment.","conference_research_vendor_advisories_CERT_and_contemporaneous_technical_analyses","Different models in the same category count once; barcode manipulation without compromising an embedded device does not qualify; toys, appliances, medical devices, vehicle components and dedicated infrastructure controllers are distinct categories.","Codex","2026-08-08","preregistration_consolidated_v0.2","no","Class B because 'unmöglichsten Devices' is operationalized as two distinct unexpected categories; bilingual verification completed outcome-blind."
"111","CCC-2007-014","03","https://media.ccc.de/v/24c3-2336-de-security_nightmares","official_complete_video_german_audio_verified_slides_and_local_transcript","01:09:29-01:10:40","Ron_or_Frank_Rieger","Adobe wird uns 2008 noch mit vielen Patches beschäftigen. Flash wird ganz schön auseinanderfallen ... Plugins für Adobe-Produkte werden sicherlich ein weiteres Feld, und angesichts der Verbreitung ... werden auch Plattformen darunter leiden, wo man es noch gar nicht erwartet.","The forecast contrasts an already difficult 2007 with what the presenters say they have seen coming, under the 2008 forecast slide.","During calendar year 2008, the Adobe/Flash/plugin ecosystem will generate numerous critical security patches or disclosures, including cross-platform exposure.","propia","Adobe_Flash_security","Adobe Reader Acrobat Flash and associated browser plugins","global","numerous critical security bulletins or disclosures with at least one materially cross-platform Flash/plugin issue","Adobe wird uns 2008 ...","section_inherited_and_individual","2007-12-30","2008-12-31","yes","B","include","","occurrence","Official Adobe security bulletins, national vulnerability databases or contemporaneous vendor analyses identify critical code-execution or equivalent high-impact vulnerabilities patched or first disclosed during 2008.","At least three qualifying 2008 critical bulletins or distinct vulnerability clusters exist, and at least one affects Flash or an Adobe browser plugin on two or more operating-system platforms.","Adobe's complete official 2008 bulletin archive contains fewer than three qualifying critical events and no qualifying cross-platform Flash/plugin issue.","official_Adobe_bulletins_national_vulnerability_databases_and_contemporaneous_vendor_analyses","Multiple CVEs fixed in one bulletin count as one cluster unless independently disclosed and patched; later retrospective reclassification cannot replace contemporaneous critical/high impact evidence.","Codex","2026-08-08","preregistration_consolidated_v0.2","no","Class B because 'vielen' and 'auseinanderfallen' require numerical operationalization; the closely linked Adobe/Flash/plugin clauses are treated as one ecosystem forecast."
"111","CCC-2007-014","04","https://media.ccc.de/v/24c3-2336-de-security_nightmares","official_complete_video_german_audio_verified_slides_and_local_transcript","01:26:40-01:26:58","Ron_or_Frank_Rieger","Ich sehe für das Jahr 2008 plattformübergreifende Würmer für Social Networks.","The other presenter notes that social-network worms already existed in 2007, clarifying that the new forecast is propagation across platform boundaries.","During calendar year 2008, at least one worm will propagate across two or more distinct social-network platforms.","propia","cross_platform_social_network_worm","self-propagating malicious or unauthorized code spanning distinct social-network services","global","documented propagation of one worm or code lineage across at least two distinct social-network platforms","für das Jahr 2008","individual","2007-12-30","2008-12-31","yes","B","include","","occurrence","Contemporaneous incident reports, platform advisories or technical analyses document automated self-propagation and establish the same worm or direct code lineage on at least two separately operated social-network services.","At least one qualifying cross-platform social-network worm is documented by 2008-12-31.","Comprehensive contemporaneous catalogs explicitly classify every documented 2008 social-network worm as confined to a single service; absence alone is non-fulfilment.","platform_advisories_CERT_records_and_contemporaneous_malware_analyses","Cross-operating-system behavior within one social network is insufficient; copied proof-of-concept code without automated propagation on the second service is insufficient.","Codex","2026-08-08","preregistration_consolidated_v0.2","no","Class B because 'plattformübergreifend' is interpreted conservatively from the social-network context as distinct services; no outcome evidence consulted."
"111","CCC-2007-014","05","https://media.ccc.de/v/24c3-2336-de-security_nightmares","official_complete_video_german_audio_verified_slides_and_local_transcript","01:26:59-01:27:22","Ron_or_Frank_Rieger","Ich sehe noch ein Outsourcing-Nightmare ... ich glaube, dass irgendwie vielleicht auch in Deutschland einige öffentliche Institutionen diese Dienste gerne annehmen werden, mit den entsprechenden Konsequenzen.","The presenter cites Google's provision of email services to universities as the model; the claim occurs inside the explicitly bounded 2008 forecast block.","By 31 December 2008, multiple German public institutions will adopt externally hosted email or materially comparable outsourced IT-platform services.","propia","public_sector_IT_outsourcing","German public institutions adopting externally hosted email or comparable IT platforms","Germany","adoption of outsourced hosted email or comparable platform services by multiple public institutions","Stichworte für 2008","section_inherited","2007-12-30","2008-12-31","yes","B","include","","occurrence","Official procurement records, institutional announcements, provider case studies corroborated by the institution or contemporaneous public records document a production adoption during 2008.","At least two distinct German public institutions place externally hosted email or a comparable outsourced IT platform into production by 2008-12-31.","An authoritative comprehensive public-sector record reports no such 2008 production adoptions; pilots or announced plans alone are non-fulfilment.","official_procurement_institutional_announcements_and_corroborated_provider_records","Universities count if publicly governed; ordinary telecommunications hosting or one-off consulting does not qualify; adoption must transfer operation or storage of a material platform to an external provider.","Codex","2026-08-08","preregistration_consolidated_v0.2","no","Class B because 'einige' is frozen as at least two and service scope is contextual; bilingual verification completed before outcomes."
"112","CCC-2012-034","01","https://media.ccc.de/v/29c3-5374-en-re_igniting_the_crypto_wars_on_the_web_h264","official_complete_audio_local_transcript","00:19:28-00:19:38","presenter","We understand that, you know, 10 years from now, people will still be running old browsers.","The statement motivates graceful degradation and scope choices for a Web Cryptography API; the speaker immediately contrasts lingering old browsers with faster adoption of newer versions.","Around ten years after the talk, a nontrivial population of web users will still run browsers that are old or unsupported.","propia","legacy_browser_persistence","web users running browsers already old or subsequently unsupported by the ten-year horizon","global","nontrivial continued usage of old or unsupported browser versions","10 years from now","individual","2012-12-28","2022-12-31","yes","B","include","","persistence","Independent browser-usage analytics, vendor telemetry or authoritative web compatibility reports provide version-level global or multi-country usage near the deadline and identify support status.","During calendar year 2022, at least one browser version that is unsupported or at least five years behind its current major release accounts for at least 0.1% of measured global web use in a qualifying series.","Every qualifying version-level series places all unsupported or five-major-version-old browsers below 0.01% throughout 2022; intermediate or incomparable data are non-fulfilment or indeterminable under the conflict rule.","browser_usage_analytics_vendor_telemetry_and_authoritative_web_compatibility_reports","Use version-level shares rather than browser-family totals; if qualifying series disagree at the 0.1% threshold, require a majority of independent series, and do not count automated bots where separately reported.","Codex","2026-08-08","preregistration_consolidated_v0.2","no","Class B because old and people require frozen age and prevalence thresholds; no outcome evidence consulted."
"123","CCC-2014-048","01","https://media.ccc.de/v/31c3_-_6572_-_de_-_saal_1_-_201412301715_-_security_nightmares_-_frank_-_ron","official_complete_german_subtitles","01:11:31-01:12:03","Ron_or_Frank_Rieger","Die Stichworte für 2015 ... Patches ohne Rückfrage ... ich denke wir werden sehen, dass ... die Auseinandersetzung ... oder Diskussion ... wahrscheinlich den Höhepunkt sehen wir dann.","The speakers explicitly introduce their keywords for 2015 and discuss vendors beginning to deploy patches without asking users, predicting the dispute will reach its high point.","During calendar year 2015, public or professional controversy over software vendors installing updates without prior user confirmation will reach a conspicuous peak.","propia","automatic_update_controversy","software users vendors and technology-policy commentators","global","conspicuous peak in controversy over forced or automatic software updates","für_2015","section_inherited_and_individual","2014-12-30","2015-12-31","yes","B","include","","salience","Contemporaneous major technology press, vendor policy announcements and policy or consumer-protection records concerning automatic or forced software updates.","At least one major platform vendor introduces or materially expands default mandatory/automatic updating in 2015 and the change generates at least five qualifying contemporaneous reports across three independent major technology-news or policy sources within any 90-day window.","No major platform vendor materially expands default automatic updating during 2015, or every qualifying source set contains fewer than two independent reports; intermediate evidence is non-fulfilment.","major_technology_press_vendor_policy_and_consumer_protection_records","Count distinct editorial reports rather than syndicated copies; controversy must concern absence or restriction of prior user approval, not ordinary patch defects alone.","Codex","2026-08-08","preregistration_consolidated_v0.2","no","Class B because Höhepunkt requires a frozen salience proxy; no outcome evidence consulted."
"123","CCC-2014-048","02","https://media.ccc.de/v/31c3_-_6572_-_de_-_saal_1_-_201412301715_-_security_nightmares_-_frank_-_ron","official_complete_german_subtitles","01:22:02-01:22:12","Ron_or_Frank_Rieger","Ja, ich denke, 2015 werden wir ziemlich viel über autonome Fahrzeuge reden.","The statement follows the explicit 2015 forecast heading and a discussion of machine learning; the speaker says progress is now relatively fast.","During calendar year 2015, autonomous vehicles will receive extensive public and professional discussion.","propia","autonomous_vehicle_discussion","news and professional discourse concerning autonomous road vehicles","global","high volume and breadth of discussion of autonomous vehicles","2015 werden wir ziemlich viel ... reden","individual","2014-12-30","2015-12-31","yes","B","include","","salience","Major general-news and technology publications, conference programmes, regulator publications and industry announcements dated 2015.","At least ten substantive 2015 items about autonomous road vehicles appear across at least five independent qualifying major news, regulator or professional sources, including at least two source types.","Fewer than five substantive items across fewer than three independent sources in 2015; intermediate evidence is non-fulfilment.","major_news_technology_press_regulator_and_professional_records","Exclude passing mentions and rail or aerial autonomy; syndicated duplicates count once; sample sources systematically across the calendar year.","Codex","2026-08-08","preregistration_consolidated_v0.2","no","Class B because ziemlich viel is converted to a frozen volume-and-breadth threshold; no outcome evidence consulted."
"123","CCC-2014-048","03","https://media.ccc.de/v/31c3_-_6572_-_de_-_saal_1_-_201412301715_-_security_nightmares_-_frank_-_ron","official_complete_german_subtitles","01:24:18-01:25:07","Ron_or_Frank_Rieger","Ich denke mal, der nächste Schritt wird sein ... Geschäftsmodelle der Zukunft ... liebes Hotel, ich biete dir Internet Zugriff für alle deine Gäste für umsonst ... [und öffne] jede SSL-Verbindung ... und speichert alles.","Within the 2015-keywords block, the speaker extrapolates Darkhotel-style network interception into a commercial offer to hotels: free guest connectivity funded by opening and retaining encrypted traffic.","By the end of 2015, at least one commercial or documented operational hotel-Wi-Fi offering will provide guests free access while monetizing or exploiting interception or inspection of their traffic.","propia","hotel_wifi_interception","commercial or operational hotel guest Wi-Fi offerings","global","documented free hotel Wi-Fi tied to provider inspection interception or traffic-derived monetization","der nächste Schritt wird sein under Stichworte für 2015","section_inherited","2014-12-30","2015-12-31","yes","B","include","","occurrence","Contemporaneous vendor materials, hotel-network terms, regulator or court records, security research and major investigative reporting dated no later than 2015.","At least one named operational offering in or before 2015 combines zero-price guest access with provider-side TLS interception, content injection, behavioral tracking, sale/use of traffic data or an explicitly traffic-funded business model.","Authoritative reviews and sampled provider terms show only fee-funded or hotel-funded service and no qualifying inspection or traffic-derived monetization; absence without systematic coverage is indeterminable.","vendor_terms_regulatory_records_security_research_and_investigative_reporting","Ordinary connection logs, captive portals or hotel-funded free access do not qualify without inspection, injection, behavioral tracking, data use or an explicit traffic-funded model; proof-of-concept alone does not qualify.","Codex","2026-08-08","preregistration_consolidated_v0.2","no","Class B due to inherited section horizon and operationalization of monetization; no outcome evidence consulted."
"126","CCC-2016-058","01","https://media.ccc.de/v/33c3-8074-recount_2016_an_uninvited_security_audit_of_the_u_s_presidential_election","official_complete_english_subtitles","00:48:20-00:48:38","Alex_Halderman_or_Matt_Bernhard","I think we're unlikely to see federal legislation to improve electoral integrity under the coming Trump administration.","The closing recommendations call for state adoption of paper records and risk-limiting audits by 2018 and 2020; the speaker predicts the federal route will not produce integrity legislation under the incoming administration.","During the Trump administration beginning in 2017, the United States will not enact federal legislation whose principal purpose is to improve election-system integrity or require auditable voting safeguards.","propia","us_federal_election_integrity_legislation","enacted United States federal statutes","United_States","absence of qualifying enacted federal election-integrity legislation during the administration","under the coming Trump administration","individual","2016-12-29","2021-01-20","yes","B","include","","nonoccurrence","Congress.gov enacted-law records, Statutes at Large and authoritative federal election-law histories through 20 January 2021.","No federal statute enacted from 20 January 2017 through 20 January 2021 has as a principal operative purpose improving election-system integrity through auditable paper records, post-election audits, voting-system security requirements or materially equivalent nationwide safeguards.","At least one enacted federal statute in the interval establishes a binding nationwide election-integrity safeguard of the defined kind; bills, executive orders, appropriations without binding safeguards and state statutes do not contradict the prediction.","official_federal_legislative_records_and_authoritative_election_law_histories","Code enactments by operative legal effect rather than title; if a mixed statute contains a binding qualifying nationwide provision, count it as contradiction even if election integrity is not the whole statute.","Codex","2026-08-08","preregistration_consolidated_v0.2","no","Class B because improve electoral integrity requires a frozen qualifying-law definition; no outcome evidence consulted."
"127","CCC-2012-037","01","https://media.ccc.de/v/29c3-5244-de-en-security_nightmares2012_h264","official_video_slides_and_targeted_german_transcript","00:53:31-00:55:10","Frank_Rieger_and_Ron","Was wir denken, was wahrscheinlich noch nicht kommen wird, das sind verhaltensbasiertes ... Trojaner ... 2013 ist vielleicht noch ein bisschen früh dafür, weil der Basis-Service noch nicht so weit ausgerollt ist.","Under the visible 'Stichworte für 2013' heading, the speakers imagine malware hijacking Siri or Google Now inputs and outputs, then say 2013 is probably too early because the underlying service is not deployed widely enough.","During calendar year 2013, no publicly documented malware will operationally hijack a deployed mobile behavioral assistant or recommender to alter personalized advice based on user context.","propia","behavioral_assistant_malware","deployed mobile behavioral assistants and recommendation services such as Siri or Google Now","global","absence of operationally documented context-aware assistant or recommender hijacking malware during 2013","wahrscheinlich noch nicht ... 2013 ... zu früh","individual_and_section","2012-12-30","2013-12-31","yes","B","include","","nonoccurrence","Contemporaneous malware analyses, mobile-security vendor reports, app-store or platform advisories and major technical reporting from 2013.","No qualifying 2013 report documents malware deployed beyond a laboratory proof of concept that intercepts or modifies a mobile assistant/recommender's context-aware query or recommendation output.","At least one named malware family or malicious app documented in 2013 operationally performs the defined interception or modification on deployed users; generic browser ad injection and ordinary voice-command abuse do not contradict.","mobile_malware_reports_platform_advisories_and_contemporaneous_security_research","Require behavior-aware assistant or recommender manipulation, not merely microphone access, search redirection or advertising; absence is determinable only after systematic coverage of leading 2013 mobile threat reports.","Codex","2026-08-08","preregistration_consolidated_v0.2","no","Class B because the envisioned attack category requires a frozen operational definition; verified from slides and targeted German transcript outcome-blind."
"127","CCC-2012-037","02","https://media.ccc.de/v/29c3-5244-de-en-security_nightmares2012_h264","official_video_slides_and_targeted_german_transcript","01:00:46-01:01:02","Frank_Rieger_and_Ron","Medizingeräte-Vernetzung ist so ein Thema, wo wir davon ausgehen, dass es 2013 doch erhebliche Wichtigkeit gewinnen wird.","The forecast appears on the 2013 slide 'Böse Netze 2.0' beside 'Vernetzte medizinische Geräte'; examples include patient monitors, X-ray equipment and medication pumps entering poorly segmented networks.","During calendar year 2013, security of network-connected medical devices will gain substantial professional and public importance.","propia","connected_medical_device_security_salience","network-connected medical devices and their security","global","substantial increase in professional and public salience during 2013","2013 ... erhebliche Wichtigkeit gewinnen","individual","2012-12-30","2013-12-31","yes","B","include","","salience","FDA and other regulator communications, ICS-CERT or national CERT advisories, peer-reviewed or conference research and major specialist news dated 2013.","During 2013, at least one national regulator or CERT issues a substantive connected-medical-device cybersecurity communication and at least five additional substantive items appear across three independent qualifying research or major specialist-news sources.","No national regulator or CERT issues a substantive communication and fewer than three independent qualifying sources publish substantive items in 2013; intermediate evidence is non-fulfilment.","regulator_CERT_research_and_major_specialist_news","Count items whose main subject is security of a network-capable medical device, not hospital databases or general health-data privacy; syndicated duplicates count once.","Codex","2026-08-08","preregistration_consolidated_v0.2","no","Class B because erhebliche Wichtigkeit is operationalized by institutional and breadth thresholds; verified outcome-blind."
"127","CCC-2012-037","03","https://media.ccc.de/v/29c3-5244-de-en-security_nightmares2012_h264","official_video_slides_and_targeted_german_transcript","01:04:39-01:08:27","Frank_Rieger_and_Ron","Wir denken, dass dieser Konflikt hier zwischen Safety, Zertifikation versus Security ... die Konflikte noch sehr interessant werden werden.","Still under the 2013 forecast heading, the speakers explain that certified smart meters, cars, industrial systems and medical devices may be difficult to patch without invalidating certification.","During calendar year 2013, conflicts between safety or product certification and timely cybersecurity patching will become conspicuous across safety-critical connected systems.","propia","certification_security_patch_conflict","certified connected products in medical transport industrial energy or metering sectors","global","conspicuous documented conflict between certification constraints and security patching during 2013","Stichworte für 2013 ... noch sehr interessant werden","section_inherited_and_individual","2012-12-30","2013-12-31","yes","B","include","","occurrence_and_breadth","Regulator or certification-body records, vendor advisories, CERT reports and contemporaneous technical research dated 2013.","At least three qualifying 2013 records across at least two safety-critical sectors explicitly link delayed, restricted or costly security updating to certification, validation, safety approval or immutable qualified configurations.","No qualifying record across a systematic sample of the named sectors, or records uniformly state certification creates no material impediment; one-sector or fewer-than-three-record evidence is non-fulfilment.","regulator_certification_vendor_CERT_and_contemporaneous_research","A generic claim that a device is old or unpatched does not qualify unless the source explicitly identifies certification, validation or safety approval as a constraint; count distinct systems, not repeated coverage.","Codex","2026-08-08","preregistration_consolidated_v0.2","no","Class B because interesting conflict is translated into a frozen cross-sector evidence threshold; verified outcome-blind."
"130","CCC-2017-061","06","https://media.ccc.de/v/34c3-9270-dude_you_broke_the_future","official_complete_english_subtitles","00:44:36-00:44:51","Charles_Stross","Apple have put a lot of effort into making real-time face recognition work on the iPhone X and it's going to be everywhere on everybody's phone in another couple of years.","The claim introduces a specific imagined risk scenario involving continuous face recognition, eye tracking and addiction optimization; 'another couple of years' provides a two-year upper interval.","By the end of 2019, real-time facial-recognition capability comparable to the iPhone X's will be present across a dominant share of newly shipped smartphones.","propia","smartphone_face_recognition_diffusion","newly shipped smartphones","global","dominant-market diffusion of integrated real-time facial recognition","in another couple of years","individual","2017-12-30","2019-12-31","yes","B","include","","adoption","Independent smartphone shipment analyses, manufacturer specifications and authoritative market research for calendar year 2019.","Models with integrated real-time facial authentication or equivalent depth/secure face-recognition capability account for at least 50% of global smartphone shipments in calendar year 2019, using a qualifying model-level or technology-level series.","Qualifying capabilities account for below 25% of 2019 global shipments in every admissible series; shares from 25% to below 50% are partial/non-fulfilment in the main binary analysis.","smartphone_market_research_shipment_data_and_manufacturer_specifications","Count facial recognition integrated for device authentication, including secure 2D implementations if marketed and enabled as real-time face authentication; exclude camera face detection used only for photography. Resolve conflicting shares by majority of independent series.","Codex","2026-08-08","preregistration_consolidated_v0.2","no","Class B because everywhere/everybody is operationalized as majority diffusion; couple is read literally as two years; no outcome evidence consulted."
"131","CCC-2015-056","01","https://media.ccc.de/v/32c3-7546-security_nightmares_0x10","official_complete_german_subtitles","00:50:42-00:51:14","Frank_Rieger_and_Ron","Rowhammer ... dass man es tatsächlich produktiv benutzen kann ... Da wird bestimmt noch mehr kommen.","The statement follows the explicit introduction of topics for 2016 and characterizes Rowhammer as a surprising technique already made practically usable.","During calendar year 2016, additional practically exploitable Rowhammer techniques or attacks will be publicly documented.","propia","rowhammer_development","publicly documented Rowhammer attack techniques","global","new practical Rowhammer exploitation during 2016","Geschäftsmodelle für 2016 ... da wird ... mehr kommen","section_inherited","2015-12-29","2016-12-31","yes","B","include","","occurrence","Peer-reviewed papers, major security-conference research, CERT or vendor advisories dated 2016.","At least two distinct 2016 publications demonstrate a new practical Rowhammer exploitation technique, target class or security impact beyond the original 2014-2015 demonstrations.","No qualifying new practical demonstration is published in 2016; purely theoretical analysis or repeated demonstrations on unchanged targets do not qualify.","peer_reviewed_and_conference_research_vendor_and_CERT_records","Distinct means a materially different exploitation method, target class or security consequence; multiple papers on the same unchanged demonstration count once.","Codex","2026-08-08","preregistration_consolidated_v0.2","no","Class B because mehr is operationalized as at least two new practical developments; no outcome evidence consulted."
"131","CCC-2015-056","02","https://media.ccc.de/v/32c3-7546-security_nightmares_0x10","official_complete_german_subtitles","00:53:33-00:54:45","Frank_Rieger_and_Ron","Das ist natürlich erst der Anfang ... alle bauen sie ihre eigenen Telefon-nach-Hause-Services ein ... so ähnlich wird es dann halt auch mit unseren Internet of Things.","Under the 2016 block, the speakers extrapolate from smartphones to complex IoT products in which hardware, firmware, OS and component vendors each embed telemetry.","By the end of 2016, at least one mass-market IoT product will be documented transmitting user or device data to multiple distinct commercial parties or component vendors.","propia","multi_party_iot_telemetry","mass-market consumer IoT products","global","one device transmits telemetry to multiple independent commercial recipients","Themen für 2016 ... wird es ... mit Internet of Things","section_inherited","2015-12-29","2016-12-31","yes","B","include","","occurrence","Independent network-measurement research, regulator investigations, vendor documentation or major technical reporting dated no later than 2016.","A named mass-market IoT product is shown in or before 2016 to transmit telemetry or user/device data to at least three organizationally distinct recipients, including at least one party other than the device brand.","Systematic independent analysis of representative 2016 IoT products finds no product contacting more than one commercial organization beyond essential user-requested service endpoints; absence without systematic testing is indeterminable.","network_measurement_regulator_vendor_and_major_technical_reporting","CDNs acting only for the same controller do not count as independent recipients; advertising, analytics, component-cloud and platform vendors do count when organizationally distinct.","Codex","2026-08-08","preregistration_consolidated_v0.2","no","Class B because multi-party phone-home requires frozen recipient and product thresholds; no outcome evidence consulted."
"131","CCC-2015-056","03","https://media.ccc.de/v/32c3-7546-security_nightmares_0x10","official_complete_german_subtitles","00:56:38-00:56:51","Frank_Rieger_and_Ron","Netzneutralität. Haben wir jetzt nicht mehr so richtig ... wird auch erst mal noch schlechter, bevor es wieder besser wird.","The claim appears in the compressed outlook for the next year after discussion of malicious networks.","During calendar year 2016, legal or operational protection of network neutrality will materially deteriorate before any later recovery.","propia","net_neutrality_deterioration","network-neutrality rules and ISP practices","global_with_evidence_in_major_markets","material deterioration in at least one major jurisdiction during 2016","sieben Minuten für das ganze nächste Jahr ... wird ... schlechter","section_inherited","2015-12-29","2016-12-31","yes","B","include","","direction","Regulator and court records, enacted rules, ISP terms and authoritative digital-rights monitoring dated 2016.","In 2016 at least one jurisdiction representing at least 5% of global internet users repeals, suspends or materially weakens an enforceable neutrality safeguard, or a major ISP introduces paid prioritization or blocking permitted by such weakening.","No qualifying major jurisdiction weakens safeguards and authoritative monitoring records only maintenance or strengthening during 2016; isolated violations under unchanged prohibitions do not qualify.","regulator_court_legislative_ISP_and_authoritative_monitoring_records","Measure formal or operational protection, not rhetoric; a later recovery is outside the 2016 occurrence test and does not negate an in-year deterioration.","Codex","2026-08-08","preregistration_consolidated_v0.2","no","Class B because schlechter requires a frozen material deterioration rule; no outcome evidence consulted."
"131","CCC-2015-056","04","https://media.ccc.de/v/32c3-7546-security_nightmares_0x10","official_complete_german_subtitles","01:00:49-01:01:05","Frank_Rieger_and_Ron","Geschäftsfelder ... automatische Ethiker ... für die nächsten drei bis fünf Jahre die absolut sichere Jobgarantie.","The speakers identify people with philosophical and presentational skills as needed to address ethical questions raised by connected appliances and autonomous vehicles.","From 2016 through 2020, professional demand for algorithmic or technology-ethics specialists will remain conspicuous and support a recognizable employment field.","propia","technology_ethics_employment","jobs and professional roles principally concerned with AI algorithmic or technology ethics","global","sustained recognizable demand for technology-ethics specialists","für die nächsten drei bis fünf Jahre","individual","2015-12-29","2020-12-31","yes","B","include","","persistence_and_adoption","Job-posting datasets, professional association or university-program records and major employer announcements from 2016-2020.","For each of at least three calendar years from 2016-2020, qualifying evidence documents at least ten advertised specialist roles across five independent employers or a recognized recurring professional program explicitly devoted to AI/algorithmic/technology ethics.","No qualifying specialist roles or recurring professional program are documented in three or more of the five years; intermediate evidence is non-fulfilment.","job_posting_data_professional_programs_and_employer_records","Roles must have ethics of algorithms, AI or digital technology as a principal duty, not generic compliance or legal work; identical repostings count once.","Codex","2026-08-08","preregistration_consolidated_v0.2","no","Class B because job guarantee is operationalized as sustained field-level demand rather than literal employment of any individual."
"131","CCC-2015-056","05","https://media.ccc.de/v/32c3-7546-security_nightmares_0x10","official_complete_german_subtitles","01:07:34-01:07:55","Frank_Rieger_and_Ron","Davon werden wir nächstes Jahr ganz viel haben: das Silicon Valley und die Tech-Firmen sich mit den Briten und den Chinesen und eventuell ... den Amis auseinandersetzen, die alle die Hintertüren haben wollen.","The speakers reference China's enacted measure and the UK debate, predicting extensive confrontation during the next calendar year over government demands for access to encrypted products.","During calendar year 2016, major technology companies will engage in extensive public confrontation with governments over mandated encryption backdoors or exceptional access.","propia","encryption_backdoor_conflict","major technology companies and national governments","global","extensive public institutional confrontation over encryption access during 2016","nächstes Jahr ganz viel","individual","2015-12-29","2016-12-31","yes","B","include","","salience_and_occurrence","Court and legislative records, official government and company statements and major contemporaneous news coverage dated 2016.","At least two major technology companies publicly oppose government exceptional-access demands in 2016 and at least one dispute produces litigation, proposed or enacted national legislation, or ten substantive reports across five independent major outlets.","No major technology company publicly contests such a demand in 2016 and no qualifying legal or legislative dispute occurs; one-company low-salience activity is non-fulfilment.","court_legislative_official_company_and_major_news_records","Backdoor includes compelled decryption, exceptional access or mandated technical assistance that would defeat product security; ordinary warrant compliance for already-accessible data does not qualify.","Codex","2026-08-08","preregistration_consolidated_v0.2","no","Class B because ganz viel is operationalized by company breadth plus institutional salience; no outcome evidence consulted."
"133","CCC-2017-072","01","https://media.ccc.de/v/34c3-9172-fuck_dutch_mass-surveillance_let_s_have_a_referendum","official_complete_english_subtitles","00:13:55-00:14:03","presenter","We are going to have a referendum on the 21st of March.","The campaign had secured the required signatures and the speaker states the date of the officially scheduled advisory referendum; later Q&A confirms it coincides with the 2018 local elections.","The Dutch advisory referendum on the intelligence and security services law will take place on 21 March 2018.","propia","dutch_surveillance_referendum","national advisory referendum on the Dutch intelligence and security services law","Netherlands","referendum is held on the specified date","on the 21st of March [2018]","individual_with_context","2017-12-29","2018-03-21","yes","A","include","","occurrence","Official Dutch election authority records, government gazette or authoritative election results.","An official national referendum on the specified intelligence law is held on 21 March 2018.","The referendum is cancelled, postponed beyond 21 March 2018 or no official vote is held on that date.","official_election_authority_and_government_records","Minor changes in the English rendering of the law's title do not matter; the event must be the nationally scheduled advisory referendum, not merely local elections.","Codex","2026-08-08","preregistration_consolidated_v0.2","no","Class A: precise event, jurisdiction and date; not controlled by the presenter; no outcome evidence consulted."
"136","CCC-2017-062","01","https://media.ccc.de/v/34c3-8874-gamified_control","official_complete_english_subtitles","00:17:33-00:17:49","presenter","There is a social rating system in China now. The system will become mandatory in 2020. That's all right.","After screening a third-party explainer, the presenter corrects its errors and expressly confirms this point as accurate.","By the end of 2020, China will operate a mandatory nationwide social-credit or social-rating system covering the general population.","propia_adopted","china_mandatory_social_credit","general population subject to a nationwide Chinese social-credit architecture","China","mandatory nationwide operation by 2020","mandatory in 2020","individual","2017-12-29","2020-12-31","yes","B","include","","adoption","Chinese State Council and regulator documents, national implementation records, authoritative legal scholarship and high-quality contemporaneous reporting through 2020.","By 31 December 2020 a binding national framework assigns or integrates social-credit records for the general population with mandatory participation and operative cross-domain consequences beyond ordinary financial credit.","No binding nationwide mandatory population system is operational by the deadline; local pilots, blacklists limited to adjudicated violations or voluntary commercial scores alone are non-fulfilment.","official_chinese_policy_implementation_legal_scholarship_and_authoritative_reporting","Do not equate fragmented regulatory blacklists or voluntary Sesame Credit with a single mandatory population score unless official evidence shows nationwide integrated mandatory operation.","Codex","2026-08-08","preregistration_consolidated_v0.2","no","Class B because mandatory social-credit system requires a frozen definition guarding against the common unitary-score misconception."
"136","CCC-2017-062","02","https://media.ccc.de/v/34c3-8874-gamified_control","official_complete_english_subtitles","00:19:06-00:19:21","presenter","The mandatory system in 2020 will work on ID numbers as far as I know.","The presenter contrasts voluntary commercial systems based on phone numbers with the anticipated mandatory architecture keyed to citizen identity numbers.","By the end of 2020, China's mandatory social-credit architecture will use national identity numbers as its principal person-level identifier.","propia","china_social_credit_identifier","person-level records in China's mandatory social-credit architecture","China","use of national ID numbers as principal linkage key","mandatory system in 2020","individual","2017-12-29","2020-12-31","yes","B","include","","design_feature","Official technical or legal specifications, regulator implementation documents and authoritative system analyses through 2020.","Official or authoritative documentation shows national ID numbers are required as the principal person-level key in an operative mandatory nationwide social-credit system by the deadline.","No qualifying mandatory nationwide system exists, or its official records use a different principal identifier and do not require national ID numbers; lack of public technical detail is indeterminable.","official_specs_regulator_records_and_authoritative_system_analysis","This unit depends on existence of the defined mandatory system but is scored separately for the design feature; if the system does not exist, code non-fulfilment rather than indeterminable unless identifier evidence is unavailable for an otherwise qualifying system.","Codex","2026-08-08","preregistration_consolidated_v0.2","no","Class B due to system-definition and identifier evidence requirements."
"136","CCC-2017-062","03","https://media.ccc.de/v/34c3-8874-gamified_control","official_complete_english_subtitles","00:28:14-00:29:05","presenter","We don't know ... But we can guess ... different systems at the same time, and they will learn from this. And my guess is they will have like a little medley of the best features of the existing systems and get rid of the faulty ones.","The question explicitly concerns what the mandatory 2020 system will look like; the speaker labels the synthesis forecast as her own guess.","By 2020, China's mandatory social-credit architecture will synthesize features from multiple pre-2020 pilot or commercial systems rather than reproduce a single pilot unchanged.","propia","china_social_credit_pilot_synthesis","design of the anticipated mandatory national social-credit architecture","China","documented integration of features originating in multiple pilots or commercial systems","mandatory system [in 2020] ... my guess","context_inherited_and_individual","2017-12-29","2020-12-31","yes","B","include","","design_feature","Official system-design and implementation records, comparative legal or policy research and authoritative technical analyses through 2020.","A qualifying mandatory nationwide system operational by 2020 incorporates at least two materially distinct mechanisms traceable to at least two pre-2020 pilot or commercial systems.","No qualifying national system exists by 2020, or the national design demonstrably reproduces one pilot without integrating a second distinct mechanism; insufficient design disclosure is indeterminable.","official_design_records_comparative_policy_research_and_authoritative_analysis","Mechanisms may include identifier linkage, blacklist/redlist consequences, cross-agency data exchange, point scoring or incentive restrictions; mere common use of databases is not a distinct inherited feature.","Codex","2026-08-08","preregistration_consolidated_v0.2","no","Class B because best-feature medley requires a frozen multi-source feature test."
"136","CCC-2017-062","04","https://media.ccc.de/v/34c3-8874-gamified_control","official_complete_english_subtitles","00:38:09-00:38:44","presenter","It will become mandatory ... it will define the life of the people surrounding you as well. The schools your children for example will go to will be chosen on your rate.","In the conclusion, the presenter restates mandatory adoption and gives school access as a concrete cross-person consequence.","By the end of 2020, a parent's mandatory social-credit rating in China will be used to determine or restrict which schools their children may attend.","propia","china_social_credit_school_access","parents and their children's school access under the mandatory social-credit system","China","school eligibility or selection depends on parent's social-credit rating","when it becomes mandatory [2020]","section_inherited","2017-12-29","2020-12-31","yes","B","include","","policy_consequence","Official education or social-credit rules, court or regulator records, authoritative legal research and contemporaneous investigative reporting through 2020.","A binding rule or documented operational case by 31 December 2020 denies, restricts or assigns a child's school access because of the parent's generalized social-credit score or status in the qualifying mandatory system.","No qualifying rule or operational case exists; restrictions based solely on unpaid court judgments, tuition nonpayment or ordinary residency rules do not qualify.","official_rules_legal_research_and_authoritative_investigative_reporting","Do not count consequences of a specific judicial debtor blacklist unless evidence shows they operate through the predicted generalized mandatory social-credit rating.","Codex","2026-08-08","preregistration_consolidated_v0.2","no","Class B because rate and chosen require strict distinction from debtor-blacklist or school-fee cases."
